-- MC_STD_REF 표준 레퍼런스 테이블 INSERT 문
-- Generated: 2025-12-10

-- 표준 레지스트리 (MC_STANDARD)
INSERT INTO MC_STANDARD (STD_ID, STD_CODE, STD_NAME_KO, STD_NAME_EN, STD_TYPE, STD_SCOPE, ORGANIZATION, VERSION, URI, STD_DESC) VALUES ('STD-SKOS', 'W3C-SKOS', 'SKOS', 'Simple Knowledge Organization System', 'INTERNATIONAL', 'ONTOLOGY', 'W3C', '2009-08-18', 'https://www.w3.org/2004/02/skos/', 'RDF 기반 지식조직체계 표준. 시소러스, 분류체계, 택소노미 표현.');
INSERT INTO MC_STANDARD (STD_ID, STD_CODE, STD_NAME_KO, STD_NAME_EN, STD_TYPE, STD_SCOPE, ORGANIZATION, VERSION, URI, STD_DESC) VALUES ('STD-ISO25964', 'ISO-25964', 'ISO 25964', 'ISO 25964 Thesauri and Interoperability', 'INTERNATIONAL', 'ONTOLOGY', 'ISO', '2011/2013', 'https://www.iso.org/standard/53657.html', '시소러스 개발(Part 1) 및 상호운용성(Part 2) 국제 표준.');
INSERT INTO MC_STANDARD (STD_ID, STD_CODE, STD_NAME_KO, STD_NAME_EN, STD_TYPE, STD_SCOPE, ORGANIZATION, VERSION, URI, STD_DESC) VALUES ('STD-DC', 'ISO-15836', '더블린 코어', 'Dublin Core', 'INTERNATIONAL', 'METADATA', 'DCMI', '1.1', 'https://www.dublincore.org/', '15개 핵심 메타데이터 요소 표준. Title, Creator, Subject 등.');
INSERT INTO MC_STANDARD (STD_ID, STD_CODE, STD_NAME_KO, STD_NAME_EN, STD_TYPE, STD_SCOPE, ORGANIZATION, VERSION, URI, STD_DESC) VALUES ('STD-UNESCO', 'UNESCO-THESAURUS', 'UNESCO 시소러스', 'UNESCO Thesaurus', 'INTERNATIONAL', 'TERMINOLOGY', 'UNESCO', '2023', 'http://vocabularies.unesco.org/thesaurus', '7개 도메인, SKOS/ISO 25964 준수, 5개 언어 지원.');
INSERT INTO MC_STANDARD (STD_ID, STD_CODE, STD_NAME_KO, STD_NAME_EN, STD_TYPE, STD_SCOPE, ORGANIZATION, VERSION, URI, STD_DESC) VALUES ('STD-OECD-FOS', 'OECD-FOS', 'OECD 학문분류', 'OECD Fields of Science Classification', 'INTERNATIONAL', 'CLASSIFICATION', 'OECD', '2015', 'https://www.oecd.org/science/inno/38235147.pdf', '6개 대분류, 42개 소분류. R&D 조사 국제표준.');
INSERT INTO MC_STANDARD (STD_ID, STD_CODE, STD_NAME_KO, STD_NAME_EN, STD_TYPE, STD_SCOPE, ORGANIZATION, VERSION, URI, STD_DESC) VALUES ('STD-FIBO', 'FIBO', 'FIBO', 'Financial Industry Business Ontology', 'INTERNATIONAL', 'TERMINOLOGY', 'EDM Council / OMG', '2025Q3', 'https://spec.edmcouncil.org/fibo/', 'OWL 기반 금융 온톨로지. 10개 도메인, 2,457개 클래스.');
INSERT INTO MC_STANDARD (STD_ID, STD_CODE, STD_NAME_KO, STD_NAME_EN, STD_TYPE, STD_SCOPE, ORGANIZATION, VERSION, URI, STD_DESC) VALUES ('STD-MESH', 'NLM-MESH', 'MeSH', 'Medical Subject Headings', 'INTERNATIONAL', 'TERMINOLOGY', 'NLM (NIH)', '2025', 'https://www.nlm.nih.gov/mesh/', '약 30,000개 의학 주제어. MEDLINE/PubMed 색인 표준.');
INSERT INTO MC_STANDARD (STD_ID, STD_CODE, STD_NAME_KO, STD_NAME_EN, STD_TYPE, STD_SCOPE, ORGANIZATION, VERSION, URI, STD_DESC) VALUES ('STD-ICD11', 'WHO-ICD11', 'ICD-11', 'International Classification of Diseases 11th Revision', 'INTERNATIONAL', 'CLASSIFICATION', 'WHO', '2022', 'https://icd.who.int/browse11', '국제질병분류 11차 개정. 디지털 최적화, URL 기반 코드.');
INSERT INTO MC_STANDARD (STD_ID, STD_CODE, STD_NAME_KO, STD_NAME_EN, STD_TYPE, STD_SCOPE, ORGANIZATION, VERSION, URI, STD_DESC) VALUES ('STD-BRM', 'MOIS-BRM', '정부기능분류체계', 'Business Reference Model', 'NATIONAL', 'CLASSIFICATION', '행정안전부', '2024', 'https://www.archives.go.kr/', '6단계 정부기능분류. 17개 정책분야, 76개 정책영역.');
INSERT INTO MC_STANDARD (STD_ID, STD_CODE, STD_NAME_KO, STD_NAME_EN, STD_TYPE, STD_SCOPE, ORGANIZATION, VERSION, URI, STD_DESC) VALUES ('STD-KSIC', 'KOSTAT-KSIC', '한국표준산업분류', 'Korean Standard Industrial Classification', 'NATIONAL', 'CLASSIFICATION', '통계청', '11차 (2024)', 'https://kssc.kostat.go.kr/', '5단계 산업분류. 대분류(알파벳)~세세분류(5자리).');
INSERT INTO MC_STANDARD (STD_ID, STD_CODE, STD_NAME_KO, STD_NAME_EN, STD_TYPE, STD_SCOPE, ORGANIZATION, VERSION, URI, STD_DESC) VALUES ('STD-KCD', 'KOSTAT-KCD', '한국표준질병사인분류', 'Korean Standard Classification of Diseases', 'NATIONAL', 'CLASSIFICATION', '통계청', '8차 (2021)', 'https://www.koicd.kr/', 'ICD-11 기반 한국형 질병분류. 22장 구조.');
INSERT INTO MC_STANDARD (STD_ID, STD_CODE, STD_NAME_KO, STD_NAME_EN, STD_TYPE, STD_SCOPE, ORGANIZATION, VERSION, URI, STD_DESC) VALUES ('STD-MOLEG', 'MOLEG', '국가법령정보', 'National Law Information', 'NATIONAL', 'CLASSIFICATION', '법제처', '2024', 'https://www.law.go.kr/', '법령 계층구조. 헌법→법률→시행령→조례.');
INSERT INTO MC_STANDARD (STD_ID, STD_CODE, STD_NAME_KO, STD_NAME_EN, STD_TYPE, STD_SCOPE, ORGANIZATION, VERSION, URI, STD_DESC) VALUES ('STD-DATAGOkr', 'DATA-GO-KR', '공공데이터포털 분류', 'Data.go.kr Classification', 'NATIONAL', 'CLASSIFICATION', '행정안전부', '2024', 'https://www.data.go.kr/', '16개 분야 카테고리. 공공데이터 분류체계.');
INSERT INTO MC_STANDARD (STD_ID, STD_CODE, STD_NAME_KO, STD_NAME_EN, STD_TYPE, STD_SCOPE, ORGANIZATION, VERSION, URI, STD_DESC) VALUES ('STD-STDTERM', 'MOIS-STDTERM', '공공데이터 공통표준용어', 'Public Data Standard Terms', 'NATIONAL', 'TERMINOLOGY', '행정안전부', '7차 (2024.11)', 'https://www.data.go.kr/information/PDS_0000000000000464/recsroom.do', '9,027개 표준용어, 2,396개 표준단어.');
INSERT INTO MC_STANDARD (STD_ID, STD_CODE, STD_NAME_KO, STD_NAME_EN, STD_TYPE, STD_SCOPE, ORGANIZATION, VERSION, URI, STD_DESC) VALUES ('STD-DCAT-AP-KR', 'DCAT-AP-KR', 'DCAT-AP-KR', 'DCAT Application Profile for Korea', 'APPLICATION', 'METADATA', 'NIA', '1.0 (2023)', 'http://vocab.datahub.kr/spec/dcat-ap-kr/', '한국 공공데이터 메타데이터 표준. DCAT-AP 2.1 기반.');
INSERT INTO MC_STANDARD (STD_ID, STD_CODE, STD_NAME_KO, STD_NAME_EN, STD_TYPE, STD_SCOPE, ORGANIZATION, VERSION, URI, STD_DESC) VALUES ('STD-KOOR', 'KOOR', '한국 기관 온톨로지', 'Korean Organization Ontology', 'APPLICATION', 'TERMINOLOGY', 'NIA', '1.0', 'http://vocab.datahub.kr/def/organization/', '공공기관 표현 온톨로지. DCAT-AP-KR 연계.');
INSERT INTO MC_STANDARD (STD_ID, STD_CODE, STD_NAME_KO, STD_NAME_EN, STD_TYPE, STD_SCOPE, ORGANIZATION, VERSION, URI, STD_DESC) VALUES ('STD-ADMCODE', 'ADMCODE', '행정표준코드', 'Administrative Standard Code', 'APPLICATION', 'CLASSIFICATION', '행정안전부', '2024', 'https://code.go.kr/', '법정동/행정동 코드. 10자리 체계.');
INSERT INTO MC_STANDARD (STD_ID, STD_CODE, STD_NAME_KO, STD_NAME_EN, STD_TYPE, STD_SCOPE, ORGANIZATION, VERSION, URI, STD_DESC) VALUES ('STD-KS-ISO11179', 'KS-X-ISO11179', '메타데이터 레지스트리', 'Metadata Registry Standard', 'APPLICATION', 'METADATA', '국가기술표준원', '2021', 'https://standard.go.kr/', 'KS X ISO/IEC 11179 시리즈. 메타데이터 레지스트리 표준.');
INSERT INTO MC_STANDARD (STD_ID, STD_CODE, STD_NAME_KO, STD_NAME_EN, STD_TYPE, STD_SCOPE, ORGANIZATION, VERSION, URI, STD_DESC) VALUES ('STD-DBSTD', 'MOIS-DBSTD', 'DB 표준화 지침', 'Database Standardization Guidelines', 'APPLICATION', 'METADATA', '행정안전부', '2023-18호', 'https://www.mois.go.kr/', '공공기관 데이터베이스 표준화 지침. 38개 메타데이터 관리항목.');
INSERT INTO MC_STANDARD (STD_ID, STD_CODE, STD_NAME_KO, STD_NAME_EN, STD_TYPE, STD_SCOPE, ORGANIZATION, VERSION, URI, STD_DESC) VALUES ('STD-DATAQUALITY', 'MOIS-DQ', '데이터 품질관리', 'Data Quality Management', 'APPLICATION', 'METADATA', '행정안전부', '2024', 'https://www.data.go.kr/', '공공데이터 품질관리 수준평가. 공공데이터법 제22조.');

-- 분류 표준 레퍼런스 (MC_CLSF_STD_REF)
-- 공공행정
INSERT INTO MC_CLSF_STD_REF (CLSF_ID, STD_ID, EXTERNAL_ID, EXTERNAL_NAME, MATCH_TYPE, CONFIDENCE, NOTE) VALUES ('C01000001', 'STD-BRM', '일반공공행정', '', 'BROAD_MATCH', 0.9, '');
INSERT INTO MC_CLSF_STD_REF (CLSF_ID, STD_ID, EXTERNAL_ID, EXTERNAL_NAME, MATCH_TYPE, CONFIDENCE, NOTE) VALUES ('C01000001', 'STD-DATAGOkr', '공공행정', '', 'EXACT_MATCH', 1.0, '');
INSERT INTO MC_CLSF_STD_REF (CLSF_ID, STD_ID, EXTERNAL_ID, EXTERNAL_NAME, MATCH_TYPE, CONFIDENCE, NOTE) VALUES ('C01010001', 'STD-BRM', '정부자원관리', '', 'CLOSE_MATCH', 0.85, '');
INSERT INTO MC_CLSF_STD_REF (CLSF_ID, STD_ID, EXTERNAL_ID, EXTERNAL_NAME, MATCH_TYPE, CONFIDENCE, NOTE) VALUES ('C01020001', 'STD-BRM', '지방행정·재정지원', '', 'CLOSE_MATCH', 0.85, '');
INSERT INTO MC_CLSF_STD_REF (CLSF_ID, STD_ID, EXTERNAL_ID, EXTERNAL_NAME, MATCH_TYPE, CONFIDENCE, NOTE) VALUES ('C01020001', 'STD-ADMCODE', '행정동코드', '', 'RELATED_MATCH', 0.7, '');
INSERT INTO MC_CLSF_STD_REF (CLSF_ID, STD_ID, EXTERNAL_ID, EXTERNAL_NAME, MATCH_TYPE, CONFIDENCE, NOTE) VALUES ('C01030001', 'STD-BRM', '정보화', '', 'CLOSE_MATCH', 0.8, '');
INSERT INTO MC_CLSF_STD_REF (CLSF_ID, STD_ID, EXTERNAL_ID, EXTERNAL_NAME, MATCH_TYPE, CONFIDENCE, NOTE) VALUES ('C01040001', 'STD-BRM', '국정운영', '', 'CLOSE_MATCH', 0.8, '');
INSERT INTO MC_CLSF_STD_REF (CLSF_ID, STD_ID, EXTERNAL_ID, EXTERNAL_NAME, MATCH_TYPE, CONFIDENCE, NOTE) VALUES ('C01050001', 'STD-BRM', '민원·행정서비스', '', 'CLOSE_MATCH', 0.85, '');
INSERT INTO MC_CLSF_STD_REF (CLSF_ID, STD_ID, EXTERNAL_ID, EXTERNAL_NAME, MATCH_TYPE, CONFIDENCE, NOTE) VALUES ('C01060001', 'STD-BRM', '통계·조사', '', 'CLOSE_MATCH', 0.8, '');
-- 교육
INSERT INTO MC_CLSF_STD_REF (CLSF_ID, STD_ID, EXTERNAL_ID, EXTERNAL_NAME, MATCH_TYPE, CONFIDENCE, NOTE) VALUES ('C02000001', 'STD-UNESCO', 'concept2954', 'Education', 'EXACT_MATCH', 1.0, '');
INSERT INTO MC_CLSF_STD_REF (CLSF_ID, STD_ID, EXTERNAL_ID, EXTERNAL_NAME, MATCH_TYPE, CONFIDENCE, NOTE) VALUES ('C02000001', 'STD-DATAGOkr', '교육', '', 'EXACT_MATCH', 1.0, '');
INSERT INTO MC_CLSF_STD_REF (CLSF_ID, STD_ID, EXTERNAL_ID, EXTERNAL_NAME, MATCH_TYPE, CONFIDENCE, NOTE) VALUES ('C02010001', 'STD-UNESCO', 'concept3143', 'Educational statistics', 'EXACT_MATCH', 0.95, '');
INSERT INTO MC_CLSF_STD_REF (CLSF_ID, STD_ID, EXTERNAL_ID, EXTERNAL_NAME, MATCH_TYPE, CONFIDENCE, NOTE) VALUES ('C02020001', 'STD-UNESCO', 'concept5645', 'Lifelong learning', 'EXACT_MATCH', 0.95, '');
INSERT INTO MC_CLSF_STD_REF (CLSF_ID, STD_ID, EXTERNAL_ID, EXTERNAL_NAME, MATCH_TYPE, CONFIDENCE, NOTE) VALUES ('C02030001', 'STD-UNESCO', 'concept2776', 'School education', 'CLOSE_MATCH', 0.9, '');
INSERT INTO MC_CLSF_STD_REF (CLSF_ID, STD_ID, EXTERNAL_ID, EXTERNAL_NAME, MATCH_TYPE, CONFIDENCE, NOTE) VALUES ('C02040001', 'STD-UNESCO', 'concept4598', 'Higher education', 'EXACT_MATCH', 0.95, '');
INSERT INTO MC_CLSF_STD_REF (CLSF_ID, STD_ID, EXTERNAL_ID, EXTERNAL_NAME, MATCH_TYPE, CONFIDENCE, NOTE) VALUES ('C02050001', 'STD-UNESCO', 'concept6504', 'Early childhood education', 'CLOSE_MATCH', 0.9, '');
INSERT INTO MC_CLSF_STD_REF (CLSF_ID, STD_ID, EXTERNAL_ID, EXTERNAL_NAME, MATCH_TYPE, CONFIDENCE, NOTE) VALUES ('C02060001', 'STD-UNESCO', 'concept7484', 'Special education', 'CLOSE_MATCH', 0.9, '');
-- 보건의료
INSERT INTO MC_CLSF_STD_REF (CLSF_ID, STD_ID, EXTERNAL_ID, EXTERNAL_NAME, MATCH_TYPE, CONFIDENCE, NOTE) VALUES ('C03000001', 'STD-MESH', 'D006296', 'Health Services', 'BROAD_MATCH', 0.9, '');
INSERT INTO MC_CLSF_STD_REF (CLSF_ID, STD_ID, EXTERNAL_ID, EXTERNAL_NAME, MATCH_TYPE, CONFIDENCE, NOTE) VALUES ('C03000001', 'STD-DATAGOkr', '보건', '', 'EXACT_MATCH', 1.0, '');
INSERT INTO MC_CLSF_STD_REF (CLSF_ID, STD_ID, EXTERNAL_ID, EXTERNAL_NAME, MATCH_TYPE, CONFIDENCE, NOTE) VALUES ('C03010001', 'STD-MESH', 'D006268', 'Health Facilities', 'EXACT_MATCH', 0.95, '');
INSERT INTO MC_CLSF_STD_REF (CLSF_ID, STD_ID, EXTERNAL_ID, EXTERNAL_NAME, MATCH_TYPE, CONFIDENCE, NOTE) VALUES ('C03020001', 'STD-MESH', 'D006296', 'Health Services', 'BROAD_MATCH', 0.85, '');
INSERT INTO MC_CLSF_STD_REF (CLSF_ID, STD_ID, EXTERNAL_ID, EXTERNAL_NAME, MATCH_TYPE, CONFIDENCE, NOTE) VALUES ('C03030001', 'STD-MESH', 'D006282', 'Health Personnel', 'EXACT_MATCH', 0.95, '');
INSERT INTO MC_CLSF_STD_REF (CLSF_ID, STD_ID, EXTERNAL_ID, EXTERNAL_NAME, MATCH_TYPE, CONFIDENCE, NOTE) VALUES ('C03040001', 'STD-MESH', 'D007348', 'Insurance, Health', 'CLOSE_MATCH', 0.9, '');
INSERT INTO MC_CLSF_STD_REF (CLSF_ID, STD_ID, EXTERNAL_ID, EXTERNAL_NAME, MATCH_TYPE, CONFIDENCE, NOTE) VALUES ('C03050001', 'STD-MESH', 'D004194', 'Disease', 'BROAD_MATCH', 0.85, '');
INSERT INTO MC_CLSF_STD_REF (CLSF_ID, STD_ID, EXTERNAL_ID, EXTERNAL_NAME, MATCH_TYPE, CONFIDENCE, NOTE) VALUES ('C03050001', 'STD-KCD', 'A00-Z99', '질병분류 전체', 'BROAD_MATCH', 0.8, '');
INSERT INTO MC_CLSF_STD_REF (CLSF_ID, STD_ID, EXTERNAL_ID, EXTERNAL_NAME, MATCH_TYPE, CONFIDENCE, NOTE) VALUES ('C03050002', 'STD-MESH', 'D009369', 'Neoplasms', 'EXACT_MATCH', 1.0, '');
INSERT INTO MC_CLSF_STD_REF (CLSF_ID, STD_ID, EXTERNAL_ID, EXTERNAL_NAME, MATCH_TYPE, CONFIDENCE, NOTE) VALUES ('C03050002', 'STD-KCD', 'C00-D48', '신생물', 'EXACT_MATCH', 1.0, '');
INSERT INTO MC_CLSF_STD_REF (CLSF_ID, STD_ID, EXTERNAL_ID, EXTERNAL_NAME, MATCH_TYPE, CONFIDENCE, NOTE) VALUES ('C03050002', 'STD-ICD11', '2', 'Neoplasms', 'EXACT_MATCH', 1.0, '');
INSERT INTO MC_CLSF_STD_REF (CLSF_ID, STD_ID, EXTERNAL_ID, EXTERNAL_NAME, MATCH_TYPE, CONFIDENCE, NOTE) VALUES ('C03050003', 'STD-MESH', 'D005128', 'Eye Diseases', 'BROAD_MATCH', 0.9, '');
INSERT INTO MC_CLSF_STD_REF (CLSF_ID, STD_ID, EXTERNAL_ID, EXTERNAL_NAME, MATCH_TYPE, CONFIDENCE, NOTE) VALUES ('C03050003', 'STD-KCD', 'H00-H59', '눈 및 눈부속기의 질환', 'EXACT_MATCH', 0.95, '');
INSERT INTO MC_CLSF_STD_REF (CLSF_ID, STD_ID, EXTERNAL_ID, EXTERNAL_NAME, MATCH_TYPE, CONFIDENCE, NOTE) VALUES ('C03050004', 'STD-MESH', 'D004066', 'Digestive System Diseases', 'BROAD_MATCH', 0.9, '');
INSERT INTO MC_CLSF_STD_REF (CLSF_ID, STD_ID, EXTERNAL_ID, EXTERNAL_NAME, MATCH_TYPE, CONFIDENCE, NOTE) VALUES ('C03050004', 'STD-KCD', 'K00-K93', '소화계통의 질환', 'EXACT_MATCH', 0.95, '');
INSERT INTO MC_CLSF_STD_REF (CLSF_ID, STD_ID, EXTERNAL_ID, EXTERNAL_NAME, MATCH_TYPE, CONFIDENCE, NOTE) VALUES ('C03060001', 'STD-MESH', 'D064886', 'Dataset', 'RELATED_MATCH', 0.7, '');
-- 사회복지
INSERT INTO MC_CLSF_STD_REF (CLSF_ID, STD_ID, EXTERNAL_ID, EXTERNAL_NAME, MATCH_TYPE, CONFIDENCE, NOTE) VALUES ('C04000001', 'STD-DATAGOkr', '사회복지', '', 'EXACT_MATCH', 1.0, '');
INSERT INTO MC_CLSF_STD_REF (CLSF_ID, STD_ID, EXTERNAL_ID, EXTERNAL_NAME, MATCH_TYPE, CONFIDENCE, NOTE) VALUES ('C04010001', 'STD-DATAGOkr', '사회복지', '', 'NARROW_MATCH', 0.9, '');
INSERT INTO MC_CLSF_STD_REF (CLSF_ID, STD_ID, EXTERNAL_ID, EXTERNAL_NAME, MATCH_TYPE, CONFIDENCE, NOTE) VALUES ('C04020001', 'STD-DATAGOkr', '사회복지', '', 'NARROW_MATCH', 0.9, '');
INSERT INTO MC_CLSF_STD_REF (CLSF_ID, STD_ID, EXTERNAL_ID, EXTERNAL_NAME, MATCH_TYPE, CONFIDENCE, NOTE) VALUES ('C04030001', 'STD-DATAGOkr', '사회복지', '', 'NARROW_MATCH', 0.9, '');
INSERT INTO MC_CLSF_STD_REF (CLSF_ID, STD_ID, EXTERNAL_ID, EXTERNAL_NAME, MATCH_TYPE, CONFIDENCE, NOTE) VALUES ('C04040001', 'STD-DATAGOkr', '사회복지', '', 'NARROW_MATCH', 0.9, '');
INSERT INTO MC_CLSF_STD_REF (CLSF_ID, STD_ID, EXTERNAL_ID, EXTERNAL_NAME, MATCH_TYPE, CONFIDENCE, NOTE) VALUES ('C04050001', 'STD-DATAGOkr', '사회복지', '', 'NARROW_MATCH', 0.9, '');
INSERT INTO MC_CLSF_STD_REF (CLSF_ID, STD_ID, EXTERNAL_ID, EXTERNAL_NAME, MATCH_TYPE, CONFIDENCE, NOTE) VALUES ('C04060001', 'STD-DATAGOkr', '사회복지', '', 'NARROW_MATCH', 0.9, '');
-- 법률
INSERT INTO MC_CLSF_STD_REF (CLSF_ID, STD_ID, EXTERNAL_ID, EXTERNAL_NAME, MATCH_TYPE, CONFIDENCE, NOTE) VALUES ('C05000001', 'STD-MOLEG', 'LAW', '법령', 'BROAD_MATCH', 0.9, '');
INSERT INTO MC_CLSF_STD_REF (CLSF_ID, STD_ID, EXTERNAL_ID, EXTERNAL_NAME, MATCH_TYPE, CONFIDENCE, NOTE) VALUES ('C05000001', 'STD-DATAGOkr', '법률', '', 'EXACT_MATCH', 1.0, '');
INSERT INTO MC_CLSF_STD_REF (CLSF_ID, STD_ID, EXTERNAL_ID, EXTERNAL_NAME, MATCH_TYPE, CONFIDENCE, NOTE) VALUES ('C05010001', 'STD-MOLEG', 'STATUTE', '법령·법규', 'EXACT_MATCH', 0.95, '');
INSERT INTO MC_CLSF_STD_REF (CLSF_ID, STD_ID, EXTERNAL_ID, EXTERNAL_NAME, MATCH_TYPE, CONFIDENCE, NOTE) VALUES ('C05020001', 'STD-MOLEG', 'PREC', '판례', 'EXACT_MATCH', 0.95, '');
INSERT INTO MC_CLSF_STD_REF (CLSF_ID, STD_ID, EXTERNAL_ID, EXTERNAL_NAME, MATCH_TYPE, CONFIDENCE, NOTE) VALUES ('C05030001', 'STD-MOLEG', 'SERVICE', '법률서비스', 'CLOSE_MATCH', 0.9, '');
INSERT INTO MC_CLSF_STD_REF (CLSF_ID, STD_ID, EXTERNAL_ID, EXTERNAL_NAME, MATCH_TYPE, CONFIDENCE, NOTE) VALUES ('C05040001', 'STD-MOLEG', 'LAW', '법령', 'NARROW_MATCH', 0.85, '');
INSERT INTO MC_CLSF_STD_REF (CLSF_ID, STD_ID, EXTERNAL_ID, EXTERNAL_NAME, MATCH_TYPE, CONFIDENCE, NOTE) VALUES ('C05050001', 'STD-MOLEG', 'LAW', '법령', 'NARROW_MATCH', 0.85, '');
INSERT INTO MC_CLSF_STD_REF (CLSF_ID, STD_ID, EXTERNAL_ID, EXTERNAL_NAME, MATCH_TYPE, CONFIDENCE, NOTE) VALUES ('C05060001', 'STD-MOLEG', 'LAW', '법령', 'NARROW_MATCH', 0.85, '');
-- 재정금융
INSERT INTO MC_CLSF_STD_REF (CLSF_ID, STD_ID, EXTERNAL_ID, EXTERNAL_NAME, MATCH_TYPE, CONFIDENCE, NOTE) VALUES ('C06000001', 'STD-FIBO', 'fibo-fnd', 'Foundations', 'BROAD_MATCH', 0.85, '');
INSERT INTO MC_CLSF_STD_REF (CLSF_ID, STD_ID, EXTERNAL_ID, EXTERNAL_NAME, MATCH_TYPE, CONFIDENCE, NOTE) VALUES ('C06000001', 'STD-DATAGOkr', '재정금융', '', 'EXACT_MATCH', 1.0, '');
INSERT INTO MC_CLSF_STD_REF (CLSF_ID, STD_ID, EXTERNAL_ID, EXTERNAL_NAME, MATCH_TYPE, CONFIDENCE, NOTE) VALUES ('C06010001', 'STD-FIBO', 'fibo-ind-ir', 'Interest Rates', 'CLOSE_MATCH', 0.85, '');
INSERT INTO MC_CLSF_STD_REF (CLSF_ID, STD_ID, EXTERNAL_ID, EXTERNAL_NAME, MATCH_TYPE, CONFIDENCE, NOTE) VALUES ('C06020001', 'STD-FIBO', 'fibo-fbc-fi', 'Financial Instruments', 'CLOSE_MATCH', 0.8, '');
INSERT INTO MC_CLSF_STD_REF (CLSF_ID, STD_ID, EXTERNAL_ID, EXTERNAL_NAME, MATCH_TYPE, CONFIDENCE, NOTE) VALUES ('C06030001', 'STD-FIBO', 'fibo-be-corp', 'Corporations', 'BROAD_MATCH', 0.8, '');
INSERT INTO MC_CLSF_STD_REF (CLSF_ID, STD_ID, EXTERNAL_ID, EXTERNAL_NAME, MATCH_TYPE, CONFIDENCE, NOTE) VALUES ('C06030001', 'STD-FIBO', 'fibo-fbc-fct-fse', 'Financial Services Entities', 'CLOSE_MATCH', 0.85, '');
INSERT INTO MC_CLSF_STD_REF (CLSF_ID, STD_ID, EXTERNAL_ID, EXTERNAL_NAME, MATCH_TYPE, CONFIDENCE, NOTE) VALUES ('C06040001', 'STD-FIBO', 'fibo-sec', 'Securities', 'EXACT_MATCH', 0.95, '');
INSERT INTO MC_CLSF_STD_REF (CLSF_ID, STD_ID, EXTERNAL_ID, EXTERNAL_NAME, MATCH_TYPE, CONFIDENCE, NOTE) VALUES ('C06050001', 'STD-FIBO', 'fibo-loan', 'Loan', 'EXACT_MATCH', 0.95, '');
INSERT INTO MC_CLSF_STD_REF (CLSF_ID, STD_ID, EXTERNAL_ID, EXTERNAL_NAME, MATCH_TYPE, CONFIDENCE, NOTE) VALUES ('C06060001', 'STD-FIBO', 'fibo-ind', 'Indices and Indicators', 'EXACT_MATCH', 0.95, '');
INSERT INTO MC_CLSF_STD_REF (CLSF_ID, STD_ID, EXTERNAL_ID, EXTERNAL_NAME, MATCH_TYPE, CONFIDENCE, NOTE) VALUES ('C06070001', 'STD-FIBO', 'fibo-fbc-pas', 'Products and Services', 'CLOSE_MATCH', 0.8, '');
INSERT INTO MC_CLSF_STD_REF (CLSF_ID, STD_ID, EXTERNAL_ID, EXTERNAL_NAME, MATCH_TYPE, CONFIDENCE, NOTE) VALUES ('C06080001', 'STD-FIBO', 'fibo-sec-fund', 'Funds', 'BROAD_MATCH', 0.85, '');
INSERT INTO MC_CLSF_STD_REF (CLSF_ID, STD_ID, EXTERNAL_ID, EXTERNAL_NAME, MATCH_TYPE, CONFIDENCE, NOTE) VALUES ('C06090001', 'STD-FIBO', 'fibo-be-ge', 'Government Entities', 'CLOSE_MATCH', 0.85, '');
INSERT INTO MC_CLSF_STD_REF (CLSF_ID, STD_ID, EXTERNAL_ID, EXTERNAL_NAME, MATCH_TYPE, CONFIDENCE, NOTE) VALUES ('C06100001', 'STD-FIBO', 'fibo-fnd-acc', 'Accounting', 'CLOSE_MATCH', 0.8, '');
-- 산업경제
INSERT INTO MC_CLSF_STD_REF (CLSF_ID, STD_ID, EXTERNAL_ID, EXTERNAL_NAME, MATCH_TYPE, CONFIDENCE, NOTE) VALUES ('C07000001', 'STD-KSIC', 'A-U', '전체 산업분류', 'BROAD_MATCH', 0.85, '');
INSERT INTO MC_CLSF_STD_REF (CLSF_ID, STD_ID, EXTERNAL_ID, EXTERNAL_NAME, MATCH_TYPE, CONFIDENCE, NOTE) VALUES ('C07000001', 'STD-DATAGOkr', '산업고용', '', 'CLOSE_MATCH', 0.8, '');
INSERT INTO MC_CLSF_STD_REF (CLSF_ID, STD_ID, EXTERNAL_ID, EXTERNAL_NAME, MATCH_TYPE, CONFIDENCE, NOTE) VALUES ('C07010001', 'STD-KSIC', 'C', '제조업', 'BROAD_MATCH', 0.8, '');
INSERT INTO MC_CLSF_STD_REF (CLSF_ID, STD_ID, EXTERNAL_ID, EXTERNAL_NAME, MATCH_TYPE, CONFIDENCE, NOTE) VALUES ('C07020001', 'STD-KSIC', 'C', '제조업', 'BROAD_MATCH', 0.85, '');
INSERT INTO MC_CLSF_STD_REF (CLSF_ID, STD_ID, EXTERNAL_ID, EXTERNAL_NAME, MATCH_TYPE, CONFIDENCE, NOTE) VALUES ('C07030001', 'STD-KSIC', 'G-N', '서비스업', 'BROAD_MATCH', 0.75, '');
INSERT INTO MC_CLSF_STD_REF (CLSF_ID, STD_ID, EXTERNAL_ID, EXTERNAL_NAME, MATCH_TYPE, CONFIDENCE, NOTE) VALUES ('C07040001', 'STD-KSIC', 'P', '교육 서비스업', 'NARROW_MATCH', 0.7, '');
INSERT INTO MC_CLSF_STD_REF (CLSF_ID, STD_ID, EXTERNAL_ID, EXTERNAL_NAME, MATCH_TYPE, CONFIDENCE, NOTE) VALUES ('C07050001', 'STD-KSIC', 'M', '전문, 과학 및 기술 서비스업', 'BROAD_MATCH', 0.75, '');
INSERT INTO MC_CLSF_STD_REF (CLSF_ID, STD_ID, EXTERNAL_ID, EXTERNAL_NAME, MATCH_TYPE, CONFIDENCE, NOTE) VALUES ('C07060001', 'STD-KSIC', 'C', '제조업', 'BROAD_MATCH', 0.8, '');
INSERT INTO MC_CLSF_STD_REF (CLSF_ID, STD_ID, EXTERNAL_ID, EXTERNAL_NAME, MATCH_TYPE, CONFIDENCE, NOTE) VALUES ('C07070001', 'STD-KSIC', 'G', '도매 및 소매업', 'RELATED_MATCH', 0.7, '');
-- 디지털커머스
INSERT INTO MC_CLSF_STD_REF (CLSF_ID, STD_ID, EXTERNAL_ID, EXTERNAL_NAME, MATCH_TYPE, CONFIDENCE, NOTE) VALUES ('C08000001', 'STD-KSIC', '47', '소매업; 자동차 제외', 'CLOSE_MATCH', 0.75, '');
INSERT INTO MC_CLSF_STD_REF (CLSF_ID, STD_ID, EXTERNAL_ID, EXTERNAL_NAME, MATCH_TYPE, CONFIDENCE, NOTE) VALUES ('C08010001', 'STD-KSIC', '4791', '전자상거래 소매업', 'EXACT_MATCH', 0.95, '');
INSERT INTO MC_CLSF_STD_REF (CLSF_ID, STD_ID, EXTERNAL_ID, EXTERNAL_NAME, MATCH_TYPE, CONFIDENCE, NOTE) VALUES ('C08020001', 'STD-KSIC', '47', '소매업; 자동차 제외', 'BROAD_MATCH', 0.8, '');
INSERT INTO MC_CLSF_STD_REF (CLSF_ID, STD_ID, EXTERNAL_ID, EXTERNAL_NAME, MATCH_TYPE, CONFIDENCE, NOTE) VALUES ('C08030001', 'STD-KSIC', '64', '금융업', 'NARROW_MATCH', 0.7, '');
INSERT INTO MC_CLSF_STD_REF (CLSF_ID, STD_ID, EXTERNAL_ID, EXTERNAL_NAME, MATCH_TYPE, CONFIDENCE, NOTE) VALUES ('C08040001', 'STD-KSIC', '49-52', '운수 및 창고업', 'NARROW_MATCH', 0.75, '');
INSERT INTO MC_CLSF_STD_REF (CLSF_ID, STD_ID, EXTERNAL_ID, EXTERNAL_NAME, MATCH_TYPE, CONFIDENCE, NOTE) VALUES ('C08050001', 'STD-KSIC', '47', '소매업; 자동차 제외', 'RELATED_MATCH', 0.7, '');
-- 문화관광
INSERT INTO MC_CLSF_STD_REF (CLSF_ID, STD_ID, EXTERNAL_ID, EXTERNAL_NAME, MATCH_TYPE, CONFIDENCE, NOTE) VALUES ('C09000001', 'STD-UNESCO', 'concept1560', 'Culture', 'BROAD_MATCH', 0.85, '');
INSERT INTO MC_CLSF_STD_REF (CLSF_ID, STD_ID, EXTERNAL_ID, EXTERNAL_NAME, MATCH_TYPE, CONFIDENCE, NOTE) VALUES ('C09000001', 'STD-DATAGOkr', '문화관광', '', 'EXACT_MATCH', 1.0, '');
INSERT INTO MC_CLSF_STD_REF (CLSF_ID, STD_ID, EXTERNAL_ID, EXTERNAL_NAME, MATCH_TYPE, CONFIDENCE, NOTE) VALUES ('C09010001', 'STD-UNESCO', 'concept1567', 'Cultural heritage', 'EXACT_MATCH', 0.95, '');
INSERT INTO MC_CLSF_STD_REF (CLSF_ID, STD_ID, EXTERNAL_ID, EXTERNAL_NAME, MATCH_TYPE, CONFIDENCE, NOTE) VALUES ('C09020001', 'STD-UNESCO', 'concept8340', 'Tourism', 'EXACT_MATCH', 0.95, '');
INSERT INTO MC_CLSF_STD_REF (CLSF_ID, STD_ID, EXTERNAL_ID, EXTERNAL_NAME, MATCH_TYPE, CONFIDENCE, NOTE) VALUES ('C09030001', 'STD-UNESCO', 'concept478', 'Arts', 'CLOSE_MATCH', 0.9, '');
INSERT INTO MC_CLSF_STD_REF (CLSF_ID, STD_ID, EXTERNAL_ID, EXTERNAL_NAME, MATCH_TYPE, CONFIDENCE, NOTE) VALUES ('C09040001', 'STD-UNESCO', 'concept1560', 'Culture', 'NARROW_MATCH', 0.85, '');
INSERT INTO MC_CLSF_STD_REF (CLSF_ID, STD_ID, EXTERNAL_ID, EXTERNAL_NAME, MATCH_TYPE, CONFIDENCE, NOTE) VALUES ('C09050001', 'STD-UNESCO', 'concept7538', 'Sport', 'CLOSE_MATCH', 0.9, '');
INSERT INTO MC_CLSF_STD_REF (CLSF_ID, STD_ID, EXTERNAL_ID, EXTERNAL_NAME, MATCH_TYPE, CONFIDENCE, NOTE) VALUES ('C09060001', 'STD-UNESCO', 'concept5350', 'Mass media', 'CLOSE_MATCH', 0.85, '');
-- 환경기상
INSERT INTO MC_CLSF_STD_REF (CLSF_ID, STD_ID, EXTERNAL_ID, EXTERNAL_NAME, MATCH_TYPE, CONFIDENCE, NOTE) VALUES ('C10000001', 'STD-DATAGOkr', '환경기상', '', 'EXACT_MATCH', 1.0, '');
INSERT INTO MC_CLSF_STD_REF (CLSF_ID, STD_ID, EXTERNAL_ID, EXTERNAL_NAME, MATCH_TYPE, CONFIDENCE, NOTE) VALUES ('C10010001', 'STD-DATAGOkr', '환경', '', 'CLOSE_MATCH', 0.9, '');
INSERT INTO MC_CLSF_STD_REF (CLSF_ID, STD_ID, EXTERNAL_ID, EXTERNAL_NAME, MATCH_TYPE, CONFIDENCE, NOTE) VALUES ('C10020001', 'STD-DATAGOkr', '환경', '', 'NARROW_MATCH', 0.85, '');
INSERT INTO MC_CLSF_STD_REF (CLSF_ID, STD_ID, EXTERNAL_ID, EXTERNAL_NAME, MATCH_TYPE, CONFIDENCE, NOTE) VALUES ('C10030001', 'STD-DATAGOkr', '기상', '', 'EXACT_MATCH', 0.95, '');
INSERT INTO MC_CLSF_STD_REF (CLSF_ID, STD_ID, EXTERNAL_ID, EXTERNAL_NAME, MATCH_TYPE, CONFIDENCE, NOTE) VALUES ('C10040001', 'STD-DATAGOkr', '환경', '', 'NARROW_MATCH', 0.85, '');
INSERT INTO MC_CLSF_STD_REF (CLSF_ID, STD_ID, EXTERNAL_ID, EXTERNAL_NAME, MATCH_TYPE, CONFIDENCE, NOTE) VALUES ('C10050001', 'STD-DATAGOkr', '환경', '', 'NARROW_MATCH', 0.85, '');
INSERT INTO MC_CLSF_STD_REF (CLSF_ID, STD_ID, EXTERNAL_ID, EXTERNAL_NAME, MATCH_TYPE, CONFIDENCE, NOTE) VALUES ('C10060001', 'STD-DATAGOkr', '환경', '', 'NARROW_MATCH', 0.85, '');
-- 과학기술
INSERT INTO MC_CLSF_STD_REF (CLSF_ID, STD_ID, EXTERNAL_ID, EXTERNAL_NAME, MATCH_TYPE, CONFIDENCE, NOTE) VALUES ('C11000001', 'STD-OECD-FOS', '1-6', 'All Fields of Science', 'BROAD_MATCH', 0.85, '');
INSERT INTO MC_CLSF_STD_REF (CLSF_ID, STD_ID, EXTERNAL_ID, EXTERNAL_NAME, MATCH_TYPE, CONFIDENCE, NOTE) VALUES ('C11000001', 'STD-DATAGOkr', '과학기술', '', 'EXACT_MATCH', 1.0, '');
INSERT INTO MC_CLSF_STD_REF (CLSF_ID, STD_ID, EXTERNAL_ID, EXTERNAL_NAME, MATCH_TYPE, CONFIDENCE, NOTE) VALUES ('C11010001', 'STD-OECD-FOS', '1-6', 'Research and Development', 'RELATED_MATCH', 0.7, '');
INSERT INTO MC_CLSF_STD_REF (CLSF_ID, STD_ID, EXTERNAL_ID, EXTERNAL_NAME, MATCH_TYPE, CONFIDENCE, NOTE) VALUES ('C11020001', 'STD-OECD-FOS', '1', 'Natural sciences', 'EXACT_MATCH', 0.95, '');
INSERT INTO MC_CLSF_STD_REF (CLSF_ID, STD_ID, EXTERNAL_ID, EXTERNAL_NAME, MATCH_TYPE, CONFIDENCE, NOTE) VALUES ('C11030001', 'STD-OECD-FOS', '2', 'Engineering and technology', 'EXACT_MATCH', 0.95, '');
INSERT INTO MC_CLSF_STD_REF (CLSF_ID, STD_ID, EXTERNAL_ID, EXTERNAL_NAME, MATCH_TYPE, CONFIDENCE, NOTE) VALUES ('C11040001', 'STD-OECD-FOS', '1.2', 'Computer and information sciences', 'EXACT_MATCH', 0.95, '');
INSERT INTO MC_CLSF_STD_REF (CLSF_ID, STD_ID, EXTERNAL_ID, EXTERNAL_NAME, MATCH_TYPE, CONFIDENCE, NOTE) VALUES ('C11050001', 'STD-OECD-FOS', '2', 'Engineering and technology', 'NARROW_MATCH', 0.9, '');
INSERT INTO MC_CLSF_STD_REF (CLSF_ID, STD_ID, EXTERNAL_ID, EXTERNAL_NAME, MATCH_TYPE, CONFIDENCE, NOTE) VALUES ('C11060001', 'STD-OECD-FOS', '2.10', 'Nano-technology', 'NARROW_MATCH', 0.85, '');
-- 재난안전
INSERT INTO MC_CLSF_STD_REF (CLSF_ID, STD_ID, EXTERNAL_ID, EXTERNAL_NAME, MATCH_TYPE, CONFIDENCE, NOTE) VALUES ('C12000001', 'STD-DATAGOkr', '재난안전', '', 'EXACT_MATCH', 1.0, '');
INSERT INTO MC_CLSF_STD_REF (CLSF_ID, STD_ID, EXTERNAL_ID, EXTERNAL_NAME, MATCH_TYPE, CONFIDENCE, NOTE) VALUES ('C12010001', 'STD-DATAGOkr', '재난안전', '', 'NARROW_MATCH', 0.9, '');
INSERT INTO MC_CLSF_STD_REF (CLSF_ID, STD_ID, EXTERNAL_ID, EXTERNAL_NAME, MATCH_TYPE, CONFIDENCE, NOTE) VALUES ('C12020001', 'STD-DATAGOkr', '재난안전', '', 'NARROW_MATCH', 0.9, '');
INSERT INTO MC_CLSF_STD_REF (CLSF_ID, STD_ID, EXTERNAL_ID, EXTERNAL_NAME, MATCH_TYPE, CONFIDENCE, NOTE) VALUES ('C12030001', 'STD-DATAGOkr', '재난안전', '', 'NARROW_MATCH', 0.9, '');
INSERT INTO MC_CLSF_STD_REF (CLSF_ID, STD_ID, EXTERNAL_ID, EXTERNAL_NAME, MATCH_TYPE, CONFIDENCE, NOTE) VALUES ('C12040001', 'STD-DATAGOkr', '재난안전', '', 'NARROW_MATCH', 0.9, '');
INSERT INTO MC_CLSF_STD_REF (CLSF_ID, STD_ID, EXTERNAL_ID, EXTERNAL_NAME, MATCH_TYPE, CONFIDENCE, NOTE) VALUES ('C12050001', 'STD-DATAGOkr', '재난안전', '', 'NARROW_MATCH', 0.9, '');

-- 용어 표준 레퍼런스 (MC_TERM_STD_REF)
-- 공공행정
INSERT INTO MC_TERM_STD_REF (TERM_ID, STD_ID, EXTERNAL_ID, EXTERNAL_NAME, MATCH_TYPE, CONFIDENCE, NOTE) VALUES ('T01010001', 'STD-KOOR', 'koor:PublicInstitution', 'Public Institution', 'EXACT_MATCH', 0.95, '');
INSERT INTO MC_TERM_STD_REF (TERM_ID, STD_ID, EXTERNAL_ID, EXTERNAL_NAME, MATCH_TYPE, CONFIDENCE, NOTE) VALUES ('T01010001', 'STD-BRM', '정부자원관리', '', 'RELATED_MATCH', 0.8, '');
INSERT INTO MC_TERM_STD_REF (TERM_ID, STD_ID, EXTERNAL_ID, EXTERNAL_NAME, MATCH_TYPE, CONFIDENCE, NOTE) VALUES ('T01010002', 'STD-KOOR', 'koor:Organization', 'Organization', 'CLOSE_MATCH', 0.85, '');
INSERT INTO MC_TERM_STD_REF (TERM_ID, STD_ID, EXTERNAL_ID, EXTERNAL_NAME, MATCH_TYPE, CONFIDENCE, NOTE) VALUES ('T01020001', 'STD-ADMCODE', '법정동코드', '', 'RELATED_MATCH', 0.9, '');
INSERT INTO MC_TERM_STD_REF (TERM_ID, STD_ID, EXTERNAL_ID, EXTERNAL_NAME, MATCH_TYPE, CONFIDENCE, NOTE) VALUES ('T01020002', 'STD-BRM', '지방행정·재정지원', '', 'RELATED_MATCH', 0.85, '');
INSERT INTO MC_TERM_STD_REF (TERM_ID, STD_ID, EXTERNAL_ID, EXTERNAL_NAME, MATCH_TYPE, CONFIDENCE, NOTE) VALUES ('T01020002', 'STD-ADMCODE', '행정동코드', '', 'RELATED_MATCH', 0.8, '');
INSERT INTO MC_TERM_STD_REF (TERM_ID, STD_ID, EXTERNAL_ID, EXTERNAL_NAME, MATCH_TYPE, CONFIDENCE, NOTE) VALUES ('T01020003', 'STD-ADMCODE', '법정동코드', '', 'RELATED_MATCH', 0.9, '');
INSERT INTO MC_TERM_STD_REF (TERM_ID, STD_ID, EXTERNAL_ID, EXTERNAL_NAME, MATCH_TYPE, CONFIDENCE, NOTE) VALUES ('T01020004', 'STD-BRM', '지방행정·재정지원', '', 'NARROW_MATCH', 0.8, '');
INSERT INTO MC_TERM_STD_REF (TERM_ID, STD_ID, EXTERNAL_ID, EXTERNAL_NAME, MATCH_TYPE, CONFIDENCE, NOTE) VALUES ('T01030001', 'STD-DCAT-AP-KR', 'dcat:Dataset', 'Dataset', 'EXACT_MATCH', 0.95, '');
INSERT INTO MC_TERM_STD_REF (TERM_ID, STD_ID, EXTERNAL_ID, EXTERNAL_NAME, MATCH_TYPE, CONFIDENCE, NOTE) VALUES ('T01030001', 'STD-STDTERM', '데이터', '', 'BROAD_MATCH', 0.85, '');
INSERT INTO MC_TERM_STD_REF (TERM_ID, STD_ID, EXTERNAL_ID, EXTERNAL_NAME, MATCH_TYPE, CONFIDENCE, NOTE) VALUES ('T01030002', 'STD-DBSTD', '정보시스템', '', 'EXACT_MATCH', 0.9, '');
INSERT INTO MC_TERM_STD_REF (TERM_ID, STD_ID, EXTERNAL_ID, EXTERNAL_NAME, MATCH_TYPE, CONFIDENCE, NOTE) VALUES ('T01040001', 'STD-BRM', '정책분야', '', 'BROAD_MATCH', 0.85, '');
-- 교육
INSERT INTO MC_TERM_STD_REF (TERM_ID, STD_ID, EXTERNAL_ID, EXTERNAL_NAME, MATCH_TYPE, CONFIDENCE, NOTE) VALUES ('T02010001', 'STD-UNESCO', 'concept3143', 'Educational statistics', 'NARROW_MATCH', 0.9, '');
INSERT INTO MC_TERM_STD_REF (TERM_ID, STD_ID, EXTERNAL_ID, EXTERNAL_NAME, MATCH_TYPE, CONFIDENCE, NOTE) VALUES ('T02010002', 'STD-UNESCO', 'concept3143', 'Educational statistics', 'NARROW_MATCH', 0.9, '');
INSERT INTO MC_TERM_STD_REF (TERM_ID, STD_ID, EXTERNAL_ID, EXTERNAL_NAME, MATCH_TYPE, CONFIDENCE, NOTE) VALUES ('T02010003', 'STD-UNESCO', 'concept6763', 'Teachers', 'RELATED_MATCH', 0.85, '');
INSERT INTO MC_TERM_STD_REF (TERM_ID, STD_ID, EXTERNAL_ID, EXTERNAL_NAME, MATCH_TYPE, CONFIDENCE, NOTE) VALUES ('T02010004', 'STD-UNESCO', 'concept6556', 'Students', 'RELATED_MATCH', 0.85, '');
INSERT INTO MC_TERM_STD_REF (TERM_ID, STD_ID, EXTERNAL_ID, EXTERNAL_NAME, MATCH_TYPE, CONFIDENCE, NOTE) VALUES ('T02020001', 'STD-UNESCO', 'concept5645', 'Lifelong learning', 'EXACT_MATCH', 0.95, '');
INSERT INTO MC_TERM_STD_REF (TERM_ID, STD_ID, EXTERNAL_ID, EXTERNAL_NAME, MATCH_TYPE, CONFIDENCE, NOTE) VALUES ('T02020003', 'STD-UNESCO', 'concept5645', 'Lifelong learning', 'NARROW_MATCH', 0.9, '');
INSERT INTO MC_TERM_STD_REF (TERM_ID, STD_ID, EXTERNAL_ID, EXTERNAL_NAME, MATCH_TYPE, CONFIDENCE, NOTE) VALUES ('T02020004', 'STD-UNESCO', 'concept4559', 'Literacy', 'RELATED_MATCH', 0.85, '');
INSERT INTO MC_TERM_STD_REF (TERM_ID, STD_ID, EXTERNAL_ID, EXTERNAL_NAME, MATCH_TYPE, CONFIDENCE, NOTE) VALUES ('T02020005', 'STD-UNESCO', 'concept7373', 'Vocational education', 'CLOSE_MATCH', 0.9, '');
INSERT INTO MC_TERM_STD_REF (TERM_ID, STD_ID, EXTERNAL_ID, EXTERNAL_NAME, MATCH_TYPE, CONFIDENCE, NOTE) VALUES ('T02030001', 'STD-UNESCO', 'concept2776', 'School education', 'EXACT_MATCH', 0.95, '');
INSERT INTO MC_TERM_STD_REF (TERM_ID, STD_ID, EXTERNAL_ID, EXTERNAL_NAME, MATCH_TYPE, CONFIDENCE, NOTE) VALUES ('T02030002', 'STD-UNESCO', 'concept1605', 'Curriculum', 'EXACT_MATCH', 0.95, '');
INSERT INTO MC_TERM_STD_REF (TERM_ID, STD_ID, EXTERNAL_ID, EXTERNAL_NAME, MATCH_TYPE, CONFIDENCE, NOTE) VALUES ('T02030004', 'STD-UNESCO', 'concept5872', 'School buildings', 'EXACT_MATCH', 0.9, '');
INSERT INTO MC_TERM_STD_REF (TERM_ID, STD_ID, EXTERNAL_ID, EXTERNAL_NAME, MATCH_TYPE, CONFIDENCE, NOTE) VALUES ('T02040002', 'STD-UNESCO', 'concept4598', 'Higher education', 'RELATED_MATCH', 0.85, '');
INSERT INTO MC_TERM_STD_REF (TERM_ID, STD_ID, EXTERNAL_ID, EXTERNAL_NAME, MATCH_TYPE, CONFIDENCE, NOTE) VALUES ('T02050002', 'STD-UNESCO', 'concept6337', 'Special education', 'EXACT_MATCH', 0.95, '');
-- 보건의료
INSERT INTO MC_TERM_STD_REF (TERM_ID, STD_ID, EXTERNAL_ID, EXTERNAL_NAME, MATCH_TYPE, CONFIDENCE, NOTE) VALUES ('T03010001', 'STD-MESH', 'D006268', 'Health Facilities', 'EXACT_MATCH', 0.95, '');
INSERT INTO MC_TERM_STD_REF (TERM_ID, STD_ID, EXTERNAL_ID, EXTERNAL_NAME, MATCH_TYPE, CONFIDENCE, NOTE) VALUES ('T03010002', 'STD-MESH', 'D006761', 'Hospitals', 'EXACT_MATCH', 1.0, '');
INSERT INTO MC_TERM_STD_REF (TERM_ID, STD_ID, EXTERNAL_ID, EXTERNAL_NAME, MATCH_TYPE, CONFIDENCE, NOTE) VALUES ('T03010003', 'STD-MESH', 'D011320', 'Primary Health Care', 'RELATED_MATCH', 0.8, '');
INSERT INTO MC_TERM_STD_REF (TERM_ID, STD_ID, EXTERNAL_ID, EXTERNAL_NAME, MATCH_TYPE, CONFIDENCE, NOTE) VALUES ('T03010004', 'STD-MESH', 'D010607', 'Pharmacies', 'EXACT_MATCH', 0.95, '');
INSERT INTO MC_TERM_STD_REF (TERM_ID, STD_ID, EXTERNAL_ID, EXTERNAL_NAME, MATCH_TYPE, CONFIDENCE, NOTE) VALUES ('T03010005', 'STD-MESH', 'D006268', 'Health Facilities', 'EXACT_MATCH', 0.95, '');
INSERT INTO MC_TERM_STD_REF (TERM_ID, STD_ID, EXTERNAL_ID, EXTERNAL_NAME, MATCH_TYPE, CONFIDENCE, NOTE) VALUES ('T03010006', 'STD-MESH', 'D004864', 'Equipment and Supplies', 'CLOSE_MATCH', 0.85, '');
INSERT INTO MC_TERM_STD_REF (TERM_ID, STD_ID, EXTERNAL_ID, EXTERNAL_NAME, MATCH_TYPE, CONFIDENCE, NOTE) VALUES ('T03020001', 'STD-MESH', 'D006296', 'Health Services', 'RELATED_MATCH', 0.8, '');
INSERT INTO MC_TERM_STD_REF (TERM_ID, STD_ID, EXTERNAL_ID, EXTERNAL_NAME, MATCH_TYPE, CONFIDENCE, NOTE) VALUES ('T03020002', 'STD-MESH', 'D002386', 'Cataract', 'EXACT_MATCH', 1.0, '');
INSERT INTO MC_TERM_STD_REF (TERM_ID, STD_ID, EXTERNAL_ID, EXTERNAL_NAME, MATCH_TYPE, CONFIDENCE, NOTE) VALUES ('T03020002', 'STD-KCD', 'H25-H26', '수정체의 장애', 'NARROW_MATCH', 0.95, '');
INSERT INTO MC_TERM_STD_REF (TERM_ID, STD_ID, EXTERNAL_ID, EXTERNAL_NAME, MATCH_TYPE, CONFIDENCE, NOTE) VALUES ('T03030001', 'STD-MESH', 'D010820', 'Physicians', 'EXACT_MATCH', 1.0, '');
INSERT INTO MC_TERM_STD_REF (TERM_ID, STD_ID, EXTERNAL_ID, EXTERNAL_NAME, MATCH_TYPE, CONFIDENCE, NOTE) VALUES ('T03030002', 'STD-MESH', 'D009741', 'Nursing Staff', 'CLOSE_MATCH', 0.95, '');
INSERT INTO MC_TERM_STD_REF (TERM_ID, STD_ID, EXTERNAL_ID, EXTERNAL_NAME, MATCH_TYPE, CONFIDENCE, NOTE) VALUES ('T03040001', 'STD-MESH', 'D007348', 'Insurance, Health', 'EXACT_MATCH', 0.95, '');
INSERT INTO MC_TERM_STD_REF (TERM_ID, STD_ID, EXTERNAL_ID, EXTERNAL_NAME, MATCH_TYPE, CONFIDENCE, NOTE) VALUES ('T03040002', 'STD-MESH', 'D008484', 'Medicaid', 'CLOSE_MATCH', 0.85, '');
INSERT INTO MC_TERM_STD_REF (TERM_ID, STD_ID, EXTERNAL_ID, EXTERNAL_NAME, MATCH_TYPE, CONFIDENCE, NOTE) VALUES ('T03050001', 'STD-MESH', 'D009369', 'Neoplasms', 'EXACT_MATCH', 1.0, '');
INSERT INTO MC_TERM_STD_REF (TERM_ID, STD_ID, EXTERNAL_ID, EXTERNAL_NAME, MATCH_TYPE, CONFIDENCE, NOTE) VALUES ('T03050001', 'STD-ICD11', '2', 'Neoplasms', 'EXACT_MATCH', 1.0, '');
INSERT INTO MC_TERM_STD_REF (TERM_ID, STD_ID, EXTERNAL_ID, EXTERNAL_NAME, MATCH_TYPE, CONFIDENCE, NOTE) VALUES ('T03050001', 'STD-KCD', 'C00-D48', '신생물', 'EXACT_MATCH', 1.0, '');
INSERT INTO MC_TERM_STD_REF (TERM_ID, STD_ID, EXTERNAL_ID, EXTERNAL_NAME, MATCH_TYPE, CONFIDENCE, NOTE) VALUES ('T03050002', 'STD-MESH', 'D015179', 'Colorectal Neoplasms', 'EXACT_MATCH', 1.0, '');
INSERT INTO MC_TERM_STD_REF (TERM_ID, STD_ID, EXTERNAL_ID, EXTERNAL_NAME, MATCH_TYPE, CONFIDENCE, NOTE) VALUES ('T03050002', 'STD-KCD', 'C18-C20', '결장·직장 악성신생물', 'EXACT_MATCH', 1.0, '');
INSERT INTO MC_TERM_STD_REF (TERM_ID, STD_ID, EXTERNAL_ID, EXTERNAL_NAME, MATCH_TYPE, CONFIDENCE, NOTE) VALUES ('T03050003', 'STD-MESH', 'D015352', 'Dry Eye Syndromes', 'EXACT_MATCH', 1.0, '');
INSERT INTO MC_TERM_STD_REF (TERM_ID, STD_ID, EXTERNAL_ID, EXTERNAL_NAME, MATCH_TYPE, CONFIDENCE, NOTE) VALUES ('T03050004', 'STD-MESH', 'D005764', 'Gastroesophageal Reflux', 'EXACT_MATCH', 1.0, '');
-- 사회복지
INSERT INTO MC_TERM_STD_REF (TERM_ID, STD_ID, EXTERNAL_ID, EXTERNAL_NAME, MATCH_TYPE, CONFIDENCE, NOTE) VALUES ('T04010001', 'STD-DATAGOkr', '사회복지', '', 'NARROW_MATCH', 0.85, '');
INSERT INTO MC_TERM_STD_REF (TERM_ID, STD_ID, EXTERNAL_ID, EXTERNAL_NAME, MATCH_TYPE, CONFIDENCE, NOTE) VALUES ('T04010002', 'STD-DATAGOkr', '사회복지', '', 'NARROW_MATCH', 0.85, '');
INSERT INTO MC_TERM_STD_REF (TERM_ID, STD_ID, EXTERNAL_ID, EXTERNAL_NAME, MATCH_TYPE, CONFIDENCE, NOTE) VALUES ('T04010003', 'STD-DATAGOkr', '사회복지', '', 'NARROW_MATCH', 0.85, '');
INSERT INTO MC_TERM_STD_REF (TERM_ID, STD_ID, EXTERNAL_ID, EXTERNAL_NAME, MATCH_TYPE, CONFIDENCE, NOTE) VALUES ('T04020001', 'STD-DATAGOkr', '사회복지', '', 'NARROW_MATCH', 0.85, '');
INSERT INTO MC_TERM_STD_REF (TERM_ID, STD_ID, EXTERNAL_ID, EXTERNAL_NAME, MATCH_TYPE, CONFIDENCE, NOTE) VALUES ('T04020002', 'STD-DATAGOkr', '사회복지', '', 'NARROW_MATCH', 0.85, '');
INSERT INTO MC_TERM_STD_REF (TERM_ID, STD_ID, EXTERNAL_ID, EXTERNAL_NAME, MATCH_TYPE, CONFIDENCE, NOTE) VALUES ('T04030001', 'STD-DATAGOkr', '사회복지', '', 'NARROW_MATCH', 0.85, '');
INSERT INTO MC_TERM_STD_REF (TERM_ID, STD_ID, EXTERNAL_ID, EXTERNAL_NAME, MATCH_TYPE, CONFIDENCE, NOTE) VALUES ('T04040001', 'STD-DATAGOkr', '사회복지', '', 'RELATED_MATCH', 0.8, '');
INSERT INTO MC_TERM_STD_REF (TERM_ID, STD_ID, EXTERNAL_ID, EXTERNAL_NAME, MATCH_TYPE, CONFIDENCE, NOTE) VALUES ('T04040002', 'STD-DATAGOkr', '사회복지', '', 'RELATED_MATCH', 0.8, '');
-- 법률
INSERT INTO MC_TERM_STD_REF (TERM_ID, STD_ID, EXTERNAL_ID, EXTERNAL_NAME, MATCH_TYPE, CONFIDENCE, NOTE) VALUES ('T05010001', 'STD-MOLEG', '법령', '', 'EXACT_MATCH', 0.95, '');
INSERT INTO MC_TERM_STD_REF (TERM_ID, STD_ID, EXTERNAL_ID, EXTERNAL_NAME, MATCH_TYPE, CONFIDENCE, NOTE) VALUES ('T05010002', 'STD-MOLEG', '법률', '', 'EXACT_MATCH', 0.95, '');
INSERT INTO MC_TERM_STD_REF (TERM_ID, STD_ID, EXTERNAL_ID, EXTERNAL_NAME, MATCH_TYPE, CONFIDENCE, NOTE) VALUES ('T05010003', 'STD-MOLEG', '대통령령', '', 'EXACT_MATCH', 0.95, '');
INSERT INTO MC_TERM_STD_REF (TERM_ID, STD_ID, EXTERNAL_ID, EXTERNAL_NAME, MATCH_TYPE, CONFIDENCE, NOTE) VALUES ('T05010004', 'STD-MOLEG', '자치법규', '', 'EXACT_MATCH', 0.95, '');
INSERT INTO MC_TERM_STD_REF (TERM_ID, STD_ID, EXTERNAL_ID, EXTERNAL_NAME, MATCH_TYPE, CONFIDENCE, NOTE) VALUES ('T05010005', 'STD-MOLEG', '행정규칙', '', 'EXACT_MATCH', 0.95, '');
INSERT INTO MC_TERM_STD_REF (TERM_ID, STD_ID, EXTERNAL_ID, EXTERNAL_NAME, MATCH_TYPE, CONFIDENCE, NOTE) VALUES ('T05020001', 'STD-MOLEG', '판례', '', 'EXACT_MATCH', 0.95, '');
INSERT INTO MC_TERM_STD_REF (TERM_ID, STD_ID, EXTERNAL_ID, EXTERNAL_NAME, MATCH_TYPE, CONFIDENCE, NOTE) VALUES ('T05020002', 'STD-MOLEG', '판례', '', 'NARROW_MATCH', 0.9, '');
INSERT INTO MC_TERM_STD_REF (TERM_ID, STD_ID, EXTERNAL_ID, EXTERNAL_NAME, MATCH_TYPE, CONFIDENCE, NOTE) VALUES ('T05020003', 'STD-MOLEG', '헌법재판소결정', '', 'EXACT_MATCH', 0.95, '');
INSERT INTO MC_TERM_STD_REF (TERM_ID, STD_ID, EXTERNAL_ID, EXTERNAL_NAME, MATCH_TYPE, CONFIDENCE, NOTE) VALUES ('T05030001', 'STD-MOLEG', '법령', '', 'RELATED_MATCH', 0.75, '');
INSERT INTO MC_TERM_STD_REF (TERM_ID, STD_ID, EXTERNAL_ID, EXTERNAL_NAME, MATCH_TYPE, CONFIDENCE, NOTE) VALUES ('T05040001', 'STD-MOLEG', '국세기본법', '', 'RELATED_MATCH', 0.85, '');
INSERT INTO MC_TERM_STD_REF (TERM_ID, STD_ID, EXTERNAL_ID, EXTERNAL_NAME, MATCH_TYPE, CONFIDENCE, NOTE) VALUES ('T05040002', 'STD-MOLEG', '종합부동산세법', '', 'EXACT_MATCH', 0.95, '');
INSERT INTO MC_TERM_STD_REF (TERM_ID, STD_ID, EXTERNAL_ID, EXTERNAL_NAME, MATCH_TYPE, CONFIDENCE, NOTE) VALUES ('T05040003', 'STD-MOLEG', '소득세법', '', 'NARROW_MATCH', 0.9, '');
-- 재정금융
INSERT INTO MC_TERM_STD_REF (TERM_ID, STD_ID, EXTERNAL_ID, EXTERNAL_NAME, MATCH_TYPE, CONFIDENCE, NOTE) VALUES ('T06010001', 'STD-FIBO', 'fibo-ind-ir-ir/BaseRate', 'Base Rate', 'EXACT_MATCH', 0.95, '');
INSERT INTO MC_TERM_STD_REF (TERM_ID, STD_ID, EXTERNAL_ID, EXTERNAL_NAME, MATCH_TYPE, CONFIDENCE, NOTE) VALUES ('T06010002', 'STD-FIBO', 'fibo-fnd-acc-cur/MonetaryAmount', 'Monetary Amount', 'RELATED_MATCH', 0.85, '');
INSERT INTO MC_TERM_STD_REF (TERM_ID, STD_ID, EXTERNAL_ID, EXTERNAL_NAME, MATCH_TYPE, CONFIDENCE, NOTE) VALUES ('T06010003', 'STD-FIBO', 'fibo-fnd-acc-cur/Budget', 'Budget', 'NARROW_MATCH', 0.8, '');
INSERT INTO MC_TERM_STD_REF (TERM_ID, STD_ID, EXTERNAL_ID, EXTERNAL_NAME, MATCH_TYPE, CONFIDENCE, NOTE) VALUES ('T06020001', 'STD-FIBO', 'fibo-loan-ln-ln/Loan', 'Loan', 'BROAD_MATCH', 0.8, '');
INSERT INTO MC_TERM_STD_REF (TERM_ID, STD_ID, EXTERNAL_ID, EXTERNAL_NAME, MATCH_TYPE, CONFIDENCE, NOTE) VALUES ('T06020002', 'STD-FIBO', 'fibo-be-corp-corp/BalanceSheet', 'Balance Sheet', 'EXACT_MATCH', 0.9, '');
INSERT INTO MC_TERM_STD_REF (TERM_ID, STD_ID, EXTERNAL_ID, EXTERNAL_NAME, MATCH_TYPE, CONFIDENCE, NOTE) VALUES ('T06030001', 'STD-FIBO', 'fibo-fbc-fct-fse/Bank', 'Bank', 'EXACT_MATCH', 0.95, '');
INSERT INTO MC_TERM_STD_REF (TERM_ID, STD_ID, EXTERNAL_ID, EXTERNAL_NAME, MATCH_TYPE, CONFIDENCE, NOTE) VALUES ('T06030001', 'STD-KSIC', '641', '은행 및 저축기관', 'EXACT_MATCH', 0.95, '');
INSERT INTO MC_TERM_STD_REF (TERM_ID, STD_ID, EXTERNAL_ID, EXTERNAL_NAME, MATCH_TYPE, CONFIDENCE, NOTE) VALUES ('T06030002', 'STD-FIBO', 'fibo-fnd-acc-cur/Tax', 'Tax', 'RELATED_MATCH', 0.75, '');
INSERT INTO MC_TERM_STD_REF (TERM_ID, STD_ID, EXTERNAL_ID, EXTERNAL_NAME, MATCH_TYPE, CONFIDENCE, NOTE) VALUES ('T06040001', 'STD-FIBO', 'fibo-fbc-fct-fse/FinancialTechnologyCompany', 'FinTech Company', 'RELATED_MATCH', 0.8, '');
INSERT INTO MC_TERM_STD_REF (TERM_ID, STD_ID, EXTERNAL_ID, EXTERNAL_NAME, MATCH_TYPE, CONFIDENCE, NOTE) VALUES ('T06040001', 'STD-KSIC', '64', '금융업', 'BROAD_MATCH', 0.7, '');
INSERT INTO MC_TERM_STD_REF (TERM_ID, STD_ID, EXTERNAL_ID, EXTERNAL_NAME, MATCH_TYPE, CONFIDENCE, NOTE) VALUES ('T06040002', 'STD-FIBO', 'fibo-sec-eq-eq/Equity', 'Equity', 'EXACT_MATCH', 0.95, '');
INSERT INTO MC_TERM_STD_REF (TERM_ID, STD_ID, EXTERNAL_ID, EXTERNAL_NAME, MATCH_TYPE, CONFIDENCE, NOTE) VALUES ('T06040003', 'STD-FIBO', 'fibo-sec-dbt-dbti/Bond', 'Bond', 'EXACT_MATCH', 0.95, '');
INSERT INTO MC_TERM_STD_REF (TERM_ID, STD_ID, EXTERNAL_ID, EXTERNAL_NAME, MATCH_TYPE, CONFIDENCE, NOTE) VALUES ('T06050001', 'STD-FIBO', 'fibo-sec-fund/PensionFund', 'Pension Fund', 'CLOSE_MATCH', 0.9, '');
INSERT INTO MC_TERM_STD_REF (TERM_ID, STD_ID, EXTERNAL_ID, EXTERNAL_NAME, MATCH_TYPE, CONFIDENCE, NOTE) VALUES ('T06050002', 'STD-FIBO', 'fibo-sec-fund/PensionFund', 'Pension Fund', 'CLOSE_MATCH', 0.85, '');
INSERT INTO MC_TERM_STD_REF (TERM_ID, STD_ID, EXTERNAL_ID, EXTERNAL_NAME, MATCH_TYPE, CONFIDENCE, NOTE) VALUES ('T06060001', 'STD-FIBO', 'fibo-fbc-fct-mkt/MonetaryPolicy', 'Monetary Policy', 'EXACT_MATCH', 0.95, '');
-- 산업경제
INSERT INTO MC_TERM_STD_REF (TERM_ID, STD_ID, EXTERNAL_ID, EXTERNAL_NAME, MATCH_TYPE, CONFIDENCE, NOTE) VALUES ('T07010001', 'STD-KSIC', 'C', '제조업', 'RELATED_MATCH', 0.8, '');
INSERT INTO MC_TERM_STD_REF (TERM_ID, STD_ID, EXTERNAL_ID, EXTERNAL_NAME, MATCH_TYPE, CONFIDENCE, NOTE) VALUES ('T07020001', 'STD-KSIC', '261', '반도체 제조업', 'EXACT_MATCH', 0.95, '');
INSERT INTO MC_TERM_STD_REF (TERM_ID, STD_ID, EXTERNAL_ID, EXTERNAL_NAME, MATCH_TYPE, CONFIDENCE, NOTE) VALUES ('T07010002', 'STD-KSIC', 'ALL', '', 'BROAD_MATCH', 0.7, '');
INSERT INTO MC_TERM_STD_REF (TERM_ID, STD_ID, EXTERNAL_ID, EXTERNAL_NAME, MATCH_TYPE, CONFIDENCE, NOTE) VALUES ('T07020002', 'STD-KSIC', '30', '자동차 및 트레일러 제조업', 'EXACT_MATCH', 0.95, '');
INSERT INTO MC_TERM_STD_REF (TERM_ID, STD_ID, EXTERNAL_ID, EXTERNAL_NAME, MATCH_TYPE, CONFIDENCE, NOTE) VALUES ('T07020003', 'STD-KSIC', '21', '의료용 물질 및 의약품 제조업', 'CLOSE_MATCH', 0.85, '');
INSERT INTO MC_TERM_STD_REF (TERM_ID, STD_ID, EXTERNAL_ID, EXTERNAL_NAME, MATCH_TYPE, CONFIDENCE, NOTE) VALUES ('T07030001', 'STD-KSIC', 'I-U', '서비스업', 'EXACT_MATCH', 0.95, '');
INSERT INTO MC_TERM_STD_REF (TERM_ID, STD_ID, EXTERNAL_ID, EXTERNAL_NAME, MATCH_TYPE, CONFIDENCE, NOTE) VALUES ('T07030002', 'STD-KSIC', 'ALL', '', 'BROAD_MATCH', 0.7, '');
INSERT INTO MC_TERM_STD_REF (TERM_ID, STD_ID, EXTERNAL_ID, EXTERNAL_NAME, MATCH_TYPE, CONFIDENCE, NOTE) VALUES ('T07040001', 'STD-KSIC', 'ALL', '', 'BROAD_MATCH', 0.7, '');
INSERT INTO MC_TERM_STD_REF (TERM_ID, STD_ID, EXTERNAL_ID, EXTERNAL_NAME, MATCH_TYPE, CONFIDENCE, NOTE) VALUES ('T07040003', 'STD-KSIC', 'ALL', '', 'BROAD_MATCH', 0.7, '');
INSERT INTO MC_TERM_STD_REF (TERM_ID, STD_ID, EXTERNAL_ID, EXTERNAL_NAME, MATCH_TYPE, CONFIDENCE, NOTE) VALUES ('T07050001', 'STD-KSIC', 'ALL', '', 'BROAD_MATCH', 0.75, '');
INSERT INTO MC_TERM_STD_REF (TERM_ID, STD_ID, EXTERNAL_ID, EXTERNAL_NAME, MATCH_TYPE, CONFIDENCE, NOTE) VALUES ('T07050002', 'STD-KSIC', '641', '금융업', 'RELATED_MATCH', 0.75, '');
INSERT INTO MC_TERM_STD_REF (TERM_ID, STD_ID, EXTERNAL_ID, EXTERNAL_NAME, MATCH_TYPE, CONFIDENCE, NOTE) VALUES ('T07050003', 'STD-KSIC', 'ALL', '', 'BROAD_MATCH', 0.7, '');
INSERT INTO MC_TERM_STD_REF (TERM_ID, STD_ID, EXTERNAL_ID, EXTERNAL_NAME, MATCH_TYPE, CONFIDENCE, NOTE) VALUES ('T07060001', 'STD-KSIC', '46', '도매 및 상품중개업', 'RELATED_MATCH', 0.75, '');
-- 디지털커머스
INSERT INTO MC_TERM_STD_REF (TERM_ID, STD_ID, EXTERNAL_ID, EXTERNAL_NAME, MATCH_TYPE, CONFIDENCE, NOTE) VALUES ('T08010001', 'STD-KSIC', '525', '전자상거래 소매중개업', 'EXACT_MATCH', 0.9, '');
INSERT INTO MC_TERM_STD_REF (TERM_ID, STD_ID, EXTERNAL_ID, EXTERNAL_NAME, MATCH_TYPE, CONFIDENCE, NOTE) VALUES ('T08010002', 'STD-KSIC', '525', '전자상거래 소매중개업', 'CLOSE_MATCH', 0.9, '');
INSERT INTO MC_TERM_STD_REF (TERM_ID, STD_ID, EXTERNAL_ID, EXTERNAL_NAME, MATCH_TYPE, CONFIDENCE, NOTE) VALUES ('T08020001', 'STD-KSIC', '525', '전자상거래 소매중개업', 'NARROW_MATCH', 0.85, '');
INSERT INTO MC_TERM_STD_REF (TERM_ID, STD_ID, EXTERNAL_ID, EXTERNAL_NAME, MATCH_TYPE, CONFIDENCE, NOTE) VALUES ('T08020002', 'STD-KSIC', '525', '전자상거래 소매중개업', 'RELATED_MATCH', 0.8, '');
INSERT INTO MC_TERM_STD_REF (TERM_ID, STD_ID, EXTERNAL_ID, EXTERNAL_NAME, MATCH_TYPE, CONFIDENCE, NOTE) VALUES ('T08030001', 'STD-KSIC', '661', '금융 지원 서비스업', 'RELATED_MATCH', 0.8, '');
INSERT INTO MC_TERM_STD_REF (TERM_ID, STD_ID, EXTERNAL_ID, EXTERNAL_NAME, MATCH_TYPE, CONFIDENCE, NOTE) VALUES ('T08030002', 'STD-KSIC', '661', '금융 지원 서비스업', 'NARROW_MATCH', 0.8, '');
INSERT INTO MC_TERM_STD_REF (TERM_ID, STD_ID, EXTERNAL_ID, EXTERNAL_NAME, MATCH_TYPE, CONFIDENCE, NOTE) VALUES ('T08040001', 'STD-KSIC', 'H', '운수 및 창고업', 'BROAD_MATCH', 0.85, '');
INSERT INTO MC_TERM_STD_REF (TERM_ID, STD_ID, EXTERNAL_ID, EXTERNAL_NAME, MATCH_TYPE, CONFIDENCE, NOTE) VALUES ('T08050001', 'STD-KSIC', '525', '전자상거래 소매중개업', 'NARROW_MATCH', 0.85, '');
-- 문화관광
INSERT INTO MC_TERM_STD_REF (TERM_ID, STD_ID, EXTERNAL_ID, EXTERNAL_NAME, MATCH_TYPE, CONFIDENCE, NOTE) VALUES ('T09010001', 'STD-UNESCO', 'concept7541', 'Cultural heritage', 'EXACT_MATCH', 0.95, '');
INSERT INTO MC_TERM_STD_REF (TERM_ID, STD_ID, EXTERNAL_ID, EXTERNAL_NAME, MATCH_TYPE, CONFIDENCE, NOTE) VALUES ('T09010002', 'STD-UNESCO', 'concept7541', 'Cultural heritage', 'NARROW_MATCH', 0.9, '');
INSERT INTO MC_TERM_STD_REF (TERM_ID, STD_ID, EXTERNAL_ID, EXTERNAL_NAME, MATCH_TYPE, CONFIDENCE, NOTE) VALUES ('T09010003', 'STD-UNESCO', 'concept451', 'Intangible cultural heritage', 'EXACT_MATCH', 0.95, '');
INSERT INTO MC_TERM_STD_REF (TERM_ID, STD_ID, EXTERNAL_ID, EXTERNAL_NAME, MATCH_TYPE, CONFIDENCE, NOTE) VALUES ('T09010004', 'STD-UNESCO', 'concept7541', 'Cultural heritage', 'NARROW_MATCH', 0.9, '');
INSERT INTO MC_TERM_STD_REF (TERM_ID, STD_ID, EXTERNAL_ID, EXTERNAL_NAME, MATCH_TYPE, CONFIDENCE, NOTE) VALUES ('T09010005', 'STD-UNESCO', 'concept7832', 'World heritage', 'EXACT_MATCH', 0.95, '');
INSERT INTO MC_TERM_STD_REF (TERM_ID, STD_ID, EXTERNAL_ID, EXTERNAL_NAME, MATCH_TYPE, CONFIDENCE, NOTE) VALUES ('T09020001', 'STD-UNESCO', 'concept1756', 'Performing arts', 'EXACT_MATCH', 0.95, '');
INSERT INTO MC_TERM_STD_REF (TERM_ID, STD_ID, EXTERNAL_ID, EXTERNAL_NAME, MATCH_TYPE, CONFIDENCE, NOTE) VALUES ('T09020002', 'STD-UNESCO', 'concept6974', 'Tourism', 'NARROW_MATCH', 0.85, '');
INSERT INTO MC_TERM_STD_REF (TERM_ID, STD_ID, EXTERNAL_ID, EXTERNAL_NAME, MATCH_TYPE, CONFIDENCE, NOTE) VALUES ('T09030001', 'STD-UNESCO', 'concept2513', 'Cinema', 'EXACT_MATCH', 0.95, '');
INSERT INTO MC_TERM_STD_REF (TERM_ID, STD_ID, EXTERNAL_ID, EXTERNAL_NAME, MATCH_TYPE, CONFIDENCE, NOTE) VALUES ('T09030002', 'STD-UNESCO', 'concept923', 'Broadcasting', 'EXACT_MATCH', 0.95, '');
INSERT INTO MC_TERM_STD_REF (TERM_ID, STD_ID, EXTERNAL_ID, EXTERNAL_NAME, MATCH_TYPE, CONFIDENCE, NOTE) VALUES ('T09030003', 'STD-UNESCO', 'concept5049', 'Museums', 'NARROW_MATCH', 0.9, '');
INSERT INTO MC_TERM_STD_REF (TERM_ID, STD_ID, EXTERNAL_ID, EXTERNAL_NAME, MATCH_TYPE, CONFIDENCE, NOTE) VALUES ('T09030005', 'STD-UNESCO', 'concept4554', 'Libraries', 'EXACT_MATCH', 0.95, '');
INSERT INTO MC_TERM_STD_REF (TERM_ID, STD_ID, EXTERNAL_ID, EXTERNAL_NAME, MATCH_TYPE, CONFIDENCE, NOTE) VALUES ('T09040001', 'STD-UNESCO', 'concept6974', 'Tourism', 'NARROW_MATCH', 0.85, '');
INSERT INTO MC_TERM_STD_REF (TERM_ID, STD_ID, EXTERNAL_ID, EXTERNAL_NAME, MATCH_TYPE, CONFIDENCE, NOTE) VALUES ('T09040002', 'STD-UNESCO', 'concept3381', 'Exhibitions', 'EXACT_MATCH', 0.9, '');
INSERT INTO MC_TERM_STD_REF (TERM_ID, STD_ID, EXTERNAL_ID, EXTERNAL_NAME, MATCH_TYPE, CONFIDENCE, NOTE) VALUES ('T09040003', 'STD-UNESCO', 'concept2551', 'Festivals', 'EXACT_MATCH', 0.95, '');
INSERT INTO MC_TERM_STD_REF (TERM_ID, STD_ID, EXTERNAL_ID, EXTERNAL_NAME, MATCH_TYPE, CONFIDENCE, NOTE) VALUES ('T09050001', 'STD-UNESCO', 'concept6372', 'Sport', 'EXACT_MATCH', 0.95, '');
-- 환경기상
INSERT INTO MC_TERM_STD_REF (TERM_ID, STD_ID, EXTERNAL_ID, EXTERNAL_NAME, MATCH_TYPE, CONFIDENCE, NOTE) VALUES ('T10010001', 'STD-DATAGOkr', '환경기상', '', 'NARROW_MATCH', 0.85, '');
INSERT INTO MC_TERM_STD_REF (TERM_ID, STD_ID, EXTERNAL_ID, EXTERNAL_NAME, MATCH_TYPE, CONFIDENCE, NOTE) VALUES ('T10010002', 'STD-DATAGOkr', '환경기상', '', 'NARROW_MATCH', 0.85, '');
INSERT INTO MC_TERM_STD_REF (TERM_ID, STD_ID, EXTERNAL_ID, EXTERNAL_NAME, MATCH_TYPE, CONFIDENCE, NOTE) VALUES ('T10010003', 'STD-DATAGOkr', '환경기상', '', 'NARROW_MATCH', 0.85, '');
INSERT INTO MC_TERM_STD_REF (TERM_ID, STD_ID, EXTERNAL_ID, EXTERNAL_NAME, MATCH_TYPE, CONFIDENCE, NOTE) VALUES ('T10010004', 'STD-DATAGOkr', '환경기상', '', 'NARROW_MATCH', 0.9, '');
INSERT INTO MC_TERM_STD_REF (TERM_ID, STD_ID, EXTERNAL_ID, EXTERNAL_NAME, MATCH_TYPE, CONFIDENCE, NOTE) VALUES ('T10010005', 'STD-DATAGOkr', '환경기상', '', 'NARROW_MATCH', 0.9, '');
INSERT INTO MC_TERM_STD_REF (TERM_ID, STD_ID, EXTERNAL_ID, EXTERNAL_NAME, MATCH_TYPE, CONFIDENCE, NOTE) VALUES ('T10010005', 'STD-UNESCO', 'concept264', 'Air pollution', 'NARROW_MATCH', 0.85, '');
INSERT INTO MC_TERM_STD_REF (TERM_ID, STD_ID, EXTERNAL_ID, EXTERNAL_NAME, MATCH_TYPE, CONFIDENCE, NOTE) VALUES ('T10020001', 'STD-UNESCO', 'concept1346', 'Climate change', 'EXACT_MATCH', 0.95, '');
INSERT INTO MC_TERM_STD_REF (TERM_ID, STD_ID, EXTERNAL_ID, EXTERNAL_NAME, MATCH_TYPE, CONFIDENCE, NOTE) VALUES ('T10020002', 'STD-UNESCO', 'concept1346', 'Climate change', 'RELATED_MATCH', 0.85, '');
INSERT INTO MC_TERM_STD_REF (TERM_ID, STD_ID, EXTERNAL_ID, EXTERNAL_NAME, MATCH_TYPE, CONFIDENCE, NOTE) VALUES ('T10020003', 'STD-UNESCO', 'concept1346', 'Climate change', 'RELATED_MATCH', 0.85, '');
INSERT INTO MC_TERM_STD_REF (TERM_ID, STD_ID, EXTERNAL_ID, EXTERNAL_NAME, MATCH_TYPE, CONFIDENCE, NOTE) VALUES ('T10030001', 'STD-UNESCO', 'concept5459', 'Renewable energy', 'EXACT_MATCH', 0.95, '');
INSERT INTO MC_TERM_STD_REF (TERM_ID, STD_ID, EXTERNAL_ID, EXTERNAL_NAME, MATCH_TYPE, CONFIDENCE, NOTE) VALUES ('T10030002', 'STD-DATAGOkr', '환경기상', '', 'NARROW_MATCH', 0.9, '');
INSERT INTO MC_TERM_STD_REF (TERM_ID, STD_ID, EXTERNAL_ID, EXTERNAL_NAME, MATCH_TYPE, CONFIDENCE, NOTE) VALUES ('T10030003', 'STD-DATAGOkr', '환경기상', '', 'NARROW_MATCH', 0.9, '');
INSERT INTO MC_TERM_STD_REF (TERM_ID, STD_ID, EXTERNAL_ID, EXTERNAL_NAME, MATCH_TYPE, CONFIDENCE, NOTE) VALUES ('T10040001', 'STD-UNESCO', 'concept2265', 'Ecosystems', 'EXACT_MATCH', 0.95, '');
INSERT INTO MC_TERM_STD_REF (TERM_ID, STD_ID, EXTERNAL_ID, EXTERNAL_NAME, MATCH_TYPE, CONFIDENCE, NOTE) VALUES ('T10050001', 'STD-UNESCO', 'concept2812', 'Environmental protection', 'EXACT_MATCH', 0.95, '');
-- 과학기술
INSERT INTO MC_TERM_STD_REF (TERM_ID, STD_ID, EXTERNAL_ID, EXTERNAL_NAME, MATCH_TYPE, CONFIDENCE, NOTE) VALUES ('T11010001', 'STD-OECD-FOS', 'ALL', '', 'BROAD_MATCH', 0.8, '');
INSERT INTO MC_TERM_STD_REF (TERM_ID, STD_ID, EXTERNAL_ID, EXTERNAL_NAME, MATCH_TYPE, CONFIDENCE, NOTE) VALUES ('T11010002', 'STD-OECD-FOS', 'ALL', '', 'BROAD_MATCH', 0.8, '');
INSERT INTO MC_TERM_STD_REF (TERM_ID, STD_ID, EXTERNAL_ID, EXTERNAL_NAME, MATCH_TYPE, CONFIDENCE, NOTE) VALUES ('T11020001', 'STD-OECD-FOS', '1.3', 'Physical sciences', 'EXACT_MATCH', 0.95, '');
INSERT INTO MC_TERM_STD_REF (TERM_ID, STD_ID, EXTERNAL_ID, EXTERNAL_NAME, MATCH_TYPE, CONFIDENCE, NOTE) VALUES ('T11020002', 'STD-OECD-FOS', '1.4', 'Chemical sciences', 'EXACT_MATCH', 0.95, '');
INSERT INTO MC_TERM_STD_REF (TERM_ID, STD_ID, EXTERNAL_ID, EXTERNAL_NAME, MATCH_TYPE, CONFIDENCE, NOTE) VALUES ('T11030001', 'STD-OECD-FOS', '2.2', 'Electrical, electronic and information engineering', 'NARROW_MATCH', 0.9, '');
INSERT INTO MC_TERM_STD_REF (TERM_ID, STD_ID, EXTERNAL_ID, EXTERNAL_NAME, MATCH_TYPE, CONFIDENCE, NOTE) VALUES ('T11030002', 'STD-OECD-FOS', '2.3', 'Mechanical engineering', 'EXACT_MATCH', 0.95, '');
INSERT INTO MC_TERM_STD_REF (TERM_ID, STD_ID, EXTERNAL_ID, EXTERNAL_NAME, MATCH_TYPE, CONFIDENCE, NOTE) VALUES ('T11040001', 'STD-OECD-FOS', '1.2', 'Computer and information sciences', 'EXACT_MATCH', 0.95, '');
INSERT INTO MC_TERM_STD_REF (TERM_ID, STD_ID, EXTERNAL_ID, EXTERNAL_NAME, MATCH_TYPE, CONFIDENCE, NOTE) VALUES ('T11040002', 'STD-OECD-FOS', '1.2', 'Computer and information sciences', 'NARROW_MATCH', 0.85, '');
INSERT INTO MC_TERM_STD_REF (TERM_ID, STD_ID, EXTERNAL_ID, EXTERNAL_NAME, MATCH_TYPE, CONFIDENCE, NOTE) VALUES ('T11040003', 'STD-OECD-FOS', '1.2', 'Computer and information sciences', 'NARROW_MATCH', 0.85, '');
INSERT INTO MC_TERM_STD_REF (TERM_ID, STD_ID, EXTERNAL_ID, EXTERNAL_NAME, MATCH_TYPE, CONFIDENCE, NOTE) VALUES ('T11050001', 'STD-UNESCO', 'concept4822', 'Patents', 'EXACT_MATCH', 0.95, '');
-- 재난안전
INSERT INTO MC_TERM_STD_REF (TERM_ID, STD_ID, EXTERNAL_ID, EXTERNAL_NAME, MATCH_TYPE, CONFIDENCE, NOTE) VALUES ('T12010001', 'STD-DATAGOkr', '재난안전', '', 'NARROW_MATCH', 0.9, '');
INSERT INTO MC_TERM_STD_REF (TERM_ID, STD_ID, EXTERNAL_ID, EXTERNAL_NAME, MATCH_TYPE, CONFIDENCE, NOTE) VALUES ('T12010002', 'STD-DATAGOkr', '재난안전', '', 'NARROW_MATCH', 0.9, '');
INSERT INTO MC_TERM_STD_REF (TERM_ID, STD_ID, EXTERNAL_ID, EXTERNAL_NAME, MATCH_TYPE, CONFIDENCE, NOTE) VALUES ('T12010003', 'STD-DATAGOkr', '재난안전', '', 'NARROW_MATCH', 0.9, '');
INSERT INTO MC_TERM_STD_REF (TERM_ID, STD_ID, EXTERNAL_ID, EXTERNAL_NAME, MATCH_TYPE, CONFIDENCE, NOTE) VALUES ('T12020001', 'STD-DATAGOkr', '재난안전', '', 'NARROW_MATCH', 0.85, '');
INSERT INTO MC_TERM_STD_REF (TERM_ID, STD_ID, EXTERNAL_ID, EXTERNAL_NAME, MATCH_TYPE, CONFIDENCE, NOTE) VALUES ('T12020002', 'STD-DATAGOkr', '재난안전', '', 'NARROW_MATCH', 0.85, '');
INSERT INTO MC_TERM_STD_REF (TERM_ID, STD_ID, EXTERNAL_ID, EXTERNAL_NAME, MATCH_TYPE, CONFIDENCE, NOTE) VALUES ('T12030001', 'STD-DATAGOkr', '재난안전', '', 'NARROW_MATCH', 0.85, '');
INSERT INTO MC_TERM_STD_REF (TERM_ID, STD_ID, EXTERNAL_ID, EXTERNAL_NAME, MATCH_TYPE, CONFIDENCE, NOTE) VALUES ('T12030002', 'STD-DATAGOkr', '재난안전', '', 'NARROW_MATCH', 0.85, '');
INSERT INTO MC_TERM_STD_REF (TERM_ID, STD_ID, EXTERNAL_ID, EXTERNAL_NAME, MATCH_TYPE, CONFIDENCE, NOTE) VALUES ('T12040001', 'STD-DATAGOkr', '재난안전', '', 'NARROW_MATCH', 0.9, '');
INSERT INTO MC_TERM_STD_REF (TERM_ID, STD_ID, EXTERNAL_ID, EXTERNAL_NAME, MATCH_TYPE, CONFIDENCE, NOTE) VALUES ('T12040002', 'STD-DATAGOkr', '재난안전', '', 'NARROW_MATCH', 0.85, '');
INSERT INTO MC_TERM_STD_REF (TERM_ID, STD_ID, EXTERNAL_ID, EXTERNAL_NAME, MATCH_TYPE, CONFIDENCE, NOTE) VALUES ('T12050001', 'STD-DATAGOkr', '재난안전', '', 'NARROW_MATCH', 0.9, '');
