-- MC_STD_REF 표준 레퍼런스 테이블 INSERT 문
-- Generated: 2025-12-11

-- 표준 레지스트리 (MC_STANDARD)
INSERT INTO MC_STANDARD (STD_ID, STD_CODE, STD_NAME_KO, STD_NAME_EN, STD_TYPE, STD_SCOPE, ORGANIZATION, VERSION, URI, STD_DESC) VALUES ('STD-SKOS', 'W3C-SKOS', 'SKOS', 'Simple Knowledge Organization System', 'INTERNATIONAL', 'ONTOLOGY', 'W3C', '2009-08-18', 'https://www.w3.org/2004/02/skos/', 'RDF 기반 지식조직체계 표준. 시소러스, 분류체계, 택소노미 표현.');
INSERT INTO MC_STANDARD (STD_ID, STD_CODE, STD_NAME_KO, STD_NAME_EN, STD_TYPE, STD_SCOPE, ORGANIZATION, VERSION, URI, STD_DESC) VALUES ('STD-ISO25964', 'ISO-25964', 'ISO 25964', 'ISO 25964 Thesauri and Interoperability', 'INTERNATIONAL', 'ONTOLOGY', 'ISO', '2011/2013', 'https://www.iso.org/standard/53657.html', '시소러스 개발(Part 1) 및 상호운용성(Part 2) 국제 표준.');
INSERT INTO MC_STANDARD (STD_ID, STD_CODE, STD_NAME_KO, STD_NAME_EN, STD_TYPE, STD_SCOPE, ORGANIZATION, VERSION, URI, STD_DESC) VALUES ('STD-DC', 'ISO-15836', '더블린 코어', 'Dublin Core', 'INTERNATIONAL', 'METADATA', 'DCMI', '1.1', 'https://www.dublincore.org/', '15개 핵심 메타데이터 요소 표준. Title, Creator, Subject 등.');
INSERT INTO MC_STANDARD (STD_ID, STD_CODE, STD_NAME_KO, STD_NAME_EN, STD_TYPE, STD_SCOPE, ORGANIZATION, VERSION, URI, STD_DESC) VALUES ('STD-UNESCO', 'UNESCO-THESAURUS', 'UNESCO 시소러스', 'UNESCO Thesaurus', 'INTERNATIONAL', 'TERMINOLOGY', 'UNESCO', '2023', 'http://vocabularies.unesco.org/thesaurus', '7개 도메인, SKOS/ISO 25964 준수, 5개 언어 지원.');
INSERT INTO MC_STANDARD (STD_ID, STD_CODE, STD_NAME_KO, STD_NAME_EN, STD_TYPE, STD_SCOPE, ORGANIZATION, VERSION, URI, STD_DESC) VALUES ('STD-OECD-FOS', 'OECD-FOS', 'OECD 학문분류', 'OECD Fields of Science Classification', 'INTERNATIONAL', 'CLASSIFICATION', 'OECD', '2015', 'https://www.oecd.org/science/inno/38235147.pdf', '6개 대분류, 42개 소분류. R&D 조사 국제표준.');
INSERT INTO MC_STANDARD (STD_ID, STD_CODE, STD_NAME_KO, STD_NAME_EN, STD_TYPE, STD_SCOPE, ORGANIZATION, VERSION, URI, STD_DESC) VALUES ('STD-FIBO', 'FIBO', 'FIBO', 'Financial Industry Business Ontology', 'INTERNATIONAL', 'TERMINOLOGY', 'EDM Council / OMG', '2025Q3', 'https://spec.edmcouncil.org/fibo/', 'OWL 기반 금융 온톨로지. 10개 도메인, 2,457개 클래스.');
INSERT INTO MC_STANDARD (STD_ID, STD_CODE, STD_NAME_KO, STD_NAME_EN, STD_TYPE, STD_SCOPE, ORGANIZATION, VERSION, URI, STD_DESC) VALUES ('STD-MESH', 'NLM-MESH', 'MeSH', 'Medical Subject Headings', 'INTERNATIONAL', 'TERMINOLOGY', 'NLM (NIH)', '2025', 'https://www.nlm.nih.gov/mesh/', '약 30,000개 의학 주제어. MEDLINE/PubMed 색인 표준.');
INSERT INTO MC_STANDARD (STD_ID, STD_CODE, STD_NAME_KO, STD_NAME_EN, STD_TYPE, STD_SCOPE, ORGANIZATION, VERSION, URI, STD_DESC) VALUES ('STD-ICD11', 'WHO-ICD11', 'ICD-11', 'International Classification of Diseases 11th Revision', 'INTERNATIONAL', 'CLASSIFICATION', 'WHO', '2022', 'https://icd.who.int/browse11', '국제질병분류 11차 개정. 디지털 최적화, URL 기반 코드.');
INSERT INTO MC_STANDARD (STD_ID, STD_CODE, STD_NAME_KO, STD_NAME_EN, STD_TYPE, STD_SCOPE, ORGANIZATION, VERSION, URI, STD_DESC) VALUES ('STD-BRM', 'MOIS-BRM', '정부기능분류체계', 'Business Reference Model', 'NATIONAL', 'CLASSIFICATION', '행정안전부', '2024', 'https://www.archives.go.kr/', '6단계 정부기능분류. 17개 정책분야, 76개 정책영역.');
INSERT INTO MC_STANDARD (STD_ID, STD_CODE, STD_NAME_KO, STD_NAME_EN, STD_TYPE, STD_SCOPE, ORGANIZATION, VERSION, URI, STD_DESC) VALUES ('STD-KSIC', 'KOSTAT-KSIC', '한국표준산업분류', 'Korean Standard Industrial Classification', 'NATIONAL', 'CLASSIFICATION', '통계청', '11차 (2024)', 'https://kssc.kostat.go.kr/', '5단계 산업분류. 대분류(알파벳)~세세분류(5자리).');
INSERT INTO MC_STANDARD (STD_ID, STD_CODE, STD_NAME_KO, STD_NAME_EN, STD_TYPE, STD_SCOPE, ORGANIZATION, VERSION, URI, STD_DESC) VALUES ('STD-KCD', 'KOSTAT-KCD', '한국표준질병사인분류', 'Korean Standard Classification of Diseases', 'NATIONAL', 'CLASSIFICATION', '통계청', '8차 (2021)', 'https://www.koicd.kr/', 'ICD-11 기반 한국형 질병분류. 22장 구조.');
INSERT INTO MC_STANDARD (STD_ID, STD_CODE, STD_NAME_KO, STD_NAME_EN, STD_TYPE, STD_SCOPE, ORGANIZATION, VERSION, URI, STD_DESC) VALUES ('STD-MOLEG', 'MOLEG', '국가법령정보', 'National Law Information', 'NATIONAL', 'CLASSIFICATION', '법제처', '2024', 'https://www.law.go.kr/', '법령 계층구조. 헌법→법률→시행령→조례.');
INSERT INTO MC_STANDARD (STD_ID, STD_CODE, STD_NAME_KO, STD_NAME_EN, STD_TYPE, STD_SCOPE, ORGANIZATION, VERSION, URI, STD_DESC) VALUES ('STD-DATAGOkr', 'DATA-GO-KR', '공공데이터포털 분류', 'Data.go.kr Classification', 'NATIONAL', 'CLASSIFICATION', '행정안전부', '2024', 'https://www.data.go.kr/', '16개 분야 카테고리. 공공데이터 분류체계.');
INSERT INTO MC_STANDARD (STD_ID, STD_CODE, STD_NAME_KO, STD_NAME_EN, STD_TYPE, STD_SCOPE, ORGANIZATION, VERSION, URI, STD_DESC) VALUES ('STD-STDTERM', 'MOIS-STDTERM', '공공데이터 공통표준용어', 'Public Data Standard Terms', 'NATIONAL', 'TERMINOLOGY', '행정안전부', '7차 (2024.11)', 'https://www.data.go.kr/information/PDS_0000000000000464/recsroom.do', '9,027개 표준용어, 2,396개 표준단어.');
INSERT INTO MC_STANDARD (STD_ID, STD_CODE, STD_NAME_KO, STD_NAME_EN, STD_TYPE, STD_SCOPE, ORGANIZATION, VERSION, URI, STD_DESC) VALUES ('STD-DCAT-AP-KR', 'DCAT-AP-KR', 'DCAT-AP-KR', 'DCAT Application Profile for Korea', 'APPLICATION', 'METADATA', 'NIA', '1.0 (2023)', 'http://vocab.datahub.kr/spec/dcat-ap-kr/', '한국 공공데이터 메타데이터 표준. DCAT-AP 2.1 기반.');
INSERT INTO MC_STANDARD (STD_ID, STD_CODE, STD_NAME_KO, STD_NAME_EN, STD_TYPE, STD_SCOPE, ORGANIZATION, VERSION, URI, STD_DESC) VALUES ('STD-KOOR', 'KOOR', '한국 기관 온톨로지', 'Korean Organization Ontology', 'APPLICATION', 'TERMINOLOGY', 'NIA', '1.0', 'http://vocab.datahub.kr/def/organization/', '공공기관 표현 온톨로지. DCAT-AP-KR 연계.');
INSERT INTO MC_STANDARD (STD_ID, STD_CODE, STD_NAME_KO, STD_NAME_EN, STD_TYPE, STD_SCOPE, ORGANIZATION, VERSION, URI, STD_DESC) VALUES ('STD-ADMCODE', 'ADMCODE', '행정표준코드', 'Administrative Standard Code', 'APPLICATION', 'CLASSIFICATION', '행정안전부', '2024', 'https://code.go.kr/', '법정동/행정동 코드. 10자리 체계.');
INSERT INTO MC_STANDARD (STD_ID, STD_CODE, STD_NAME_KO, STD_NAME_EN, STD_TYPE, STD_SCOPE, ORGANIZATION, VERSION, URI, STD_DESC) VALUES ('STD-KS-ISO11179', 'KS-X-ISO11179', '메타데이터 레지스트리', 'Metadata Registry Standard', 'APPLICATION', 'METADATA', '국가기술표준원', '2021', 'https://standard.go.kr/', 'KS X ISO/IEC 11179 시리즈. 메타데이터 레지스트리 표준.');
INSERT INTO MC_STANDARD (STD_ID, STD_CODE, STD_NAME_KO, STD_NAME_EN, STD_TYPE, STD_SCOPE, ORGANIZATION, VERSION, URI, STD_DESC) VALUES ('STD-DBSTD', 'MOIS-DBSTD', 'DB 표준화 지침', 'Database Standardization Guidelines', 'APPLICATION', 'METADATA', '행정안전부', '2023-18호', 'https://www.mois.go.kr/', '공공기관 데이터베이스 표준화 지침. 38개 메타데이터 관리항목.');
INSERT INTO MC_STANDARD (STD_ID, STD_CODE, STD_NAME_KO, STD_NAME_EN, STD_TYPE, STD_SCOPE, ORGANIZATION, VERSION, URI, STD_DESC) VALUES ('STD-DATAQUALITY', 'MOIS-DQ', '데이터 품질관리', 'Data Quality Management', 'APPLICATION', 'METADATA', '행정안전부', '2024', 'https://www.data.go.kr/', '공공데이터 품질관리 수준평가. 공공데이터법 제22조.');
INSERT INTO MC_STANDARD (STD_ID, STD_CODE, STD_NAME_KO, STD_NAME_EN, STD_TYPE, STD_SCOPE, ORGANIZATION, VERSION, URI, STD_DESC) VALUES ('STD-GS1', 'GS1-ECOM', 'GS1 전자상거래', 'GS1 eCommerce Standards', 'INTERNATIONAL', 'CLASSIFICATION', 'GS1', '2024', 'https://www.gs1.org/standards/ecommerce', '글로벌 유통·물류·전자상거래 표준. GTIN, GLN 등 상품식별코드 체계.');
INSERT INTO MC_STANDARD (STD_ID, STD_CODE, STD_NAME_KO, STD_NAME_EN, STD_TYPE, STD_SCOPE, ORGANIZATION, VERSION, URI, STD_DESC) VALUES ('STD-SCHEMA', 'SCHEMA-ORG', 'Schema.org', 'Schema.org Structured Data', 'INTERNATIONAL', 'ONTOLOGY', 'Schema.org (Google, Microsoft, Yahoo, Yandex)', '25.0', 'https://schema.org/', '웹 구조화 데이터 표준. Product, Offer, Payment 등 800+ 타입.');
INSERT INTO MC_STANDARD (STD_ID, STD_CODE, STD_NAME_KO, STD_NAME_EN, STD_TYPE, STD_SCOPE, ORGANIZATION, VERSION, URI, STD_DESC) VALUES ('STD-ARXIV', 'ARXIV', 'arXiv 분류체계', 'arXiv Subject Classification', 'INTERNATIONAL', 'CLASSIFICATION', 'Cornell University', '2024', 'https://arxiv.org/category_taxonomy', '과학 논문 아카이브 분류. 물리학, 수학, 컴퓨터과학 등 155개 카테고리.');
INSERT INTO MC_STANDARD (STD_ID, STD_CODE, STD_NAME_KO, STD_NAME_EN, STD_TYPE, STD_SCOPE, ORGANIZATION, VERSION, URI, STD_DESC) VALUES ('STD-ACMCCS', 'ACM-CCS', 'ACM 컴퓨팅 분류', 'ACM Computing Classification System', 'INTERNATIONAL', 'CLASSIFICATION', 'ACM', '2012', 'https://www.acm.org/publications/class-2012', '컴퓨터과학 분류체계. 소프트웨어, AI, 네트워크 등 2,000+ 개념.');

-- 분류 표준 레퍼런스 (MC_CLSF_STD_REF)
-- 공공행정
INSERT INTO MC_CLSF_STD_REF (CLSF_ID, STD_ID, EXTERNAL_ID, EXTERNAL_NAME, MATCH_TYPE, CONFIDENCE, NOTE) VALUES ('C01000001', 'STD-BRM', '일반공공행정', '', 'BROAD_MATCH', 0.9, '');
INSERT INTO MC_CLSF_STD_REF (CLSF_ID, STD_ID, EXTERNAL_ID, EXTERNAL_NAME, MATCH_TYPE, CONFIDENCE, NOTE) VALUES ('C01000001', 'STD-DATAGOkr', '공공행정', '', 'EXACT_MATCH', 1.0, '');
INSERT INTO MC_CLSF_STD_REF (CLSF_ID, STD_ID, EXTERNAL_ID, EXTERNAL_NAME, MATCH_TYPE, CONFIDENCE, NOTE) VALUES ('C01010001', 'STD-BRM', '정부자원관리', '', 'CLOSE_MATCH', 0.85, '');
INSERT INTO MC_CLSF_STD_REF (CLSF_ID, STD_ID, EXTERNAL_ID, EXTERNAL_NAME, MATCH_TYPE, CONFIDENCE, NOTE) VALUES ('C01010002', 'STD-BRM', 'nc:Organization', 'Public Organizations', 'RELATED_MATCH', 0.8, '');
INSERT INTO MC_CLSF_STD_REF (CLSF_ID, STD_ID, EXTERNAL_ID, EXTERNAL_NAME, MATCH_TYPE, CONFIDENCE, NOTE) VALUES ('C01010003', 'STD-BRM', 'nc:GovernmentOrganization', 'Government Departments', 'RELATED_MATCH', 0.8, '');
INSERT INTO MC_CLSF_STD_REF (CLSF_ID, STD_ID, EXTERNAL_ID, EXTERNAL_NAME, MATCH_TYPE, CONFIDENCE, NOTE) VALUES ('C01010004', 'STD-BRM', 'nc:SubsidiaryOrganization', 'Subsidiary Institutions', 'RELATED_MATCH', 0.8, '');
INSERT INTO MC_CLSF_STD_REF (CLSF_ID, STD_ID, EXTERNAL_ID, EXTERNAL_NAME, MATCH_TYPE, CONFIDENCE, NOTE) VALUES ('C01020001', 'STD-BRM', '지방행정·재정지원', '', 'CLOSE_MATCH', 0.85, '');
INSERT INTO MC_CLSF_STD_REF (CLSF_ID, STD_ID, EXTERNAL_ID, EXTERNAL_NAME, MATCH_TYPE, CONFIDENCE, NOTE) VALUES ('C01020001', 'STD-ADMCODE', '행정동코드', '', 'RELATED_MATCH', 0.7, '');
INSERT INTO MC_CLSF_STD_REF (CLSF_ID, STD_ID, EXTERNAL_ID, EXTERNAL_NAME, MATCH_TYPE, CONFIDENCE, NOTE) VALUES ('C01020002', 'STD-BRM', 'dcat:administrativeArea', 'Administrative Districts', 'RELATED_MATCH', 0.8, '');
INSERT INTO MC_CLSF_STD_REF (CLSF_ID, STD_ID, EXTERNAL_ID, EXTERNAL_NAME, MATCH_TYPE, CONFIDENCE, NOTE) VALUES ('C01020003', 'STD-BRM', 'nc:LocalGovernment', 'Local Governments', 'RELATED_MATCH', 0.8, '');
INSERT INTO MC_CLSF_STD_REF (CLSF_ID, STD_ID, EXTERNAL_ID, EXTERNAL_NAME, MATCH_TYPE, CONFIDENCE, NOTE) VALUES ('C01020004', 'STD-BRM', 'dcat:administrativeOffice', 'Local Administrative Offices', 'RELATED_MATCH', 0.8, '');
INSERT INTO MC_CLSF_STD_REF (CLSF_ID, STD_ID, EXTERNAL_ID, EXTERNAL_NAME, MATCH_TYPE, CONFIDENCE, NOTE) VALUES ('C01030001', 'STD-BRM', '정보화', '', 'CLOSE_MATCH', 0.8, '');
INSERT INTO MC_CLSF_STD_REF (CLSF_ID, STD_ID, EXTERNAL_ID, EXTERNAL_NAME, MATCH_TYPE, CONFIDENCE, NOTE) VALUES ('C01030002', 'STD-BRM', 'nc:InformationResource', 'Information Resources', 'RELATED_MATCH', 0.8, '');
INSERT INTO MC_CLSF_STD_REF (CLSF_ID, STD_ID, EXTERNAL_ID, EXTERNAL_NAME, MATCH_TYPE, CONFIDENCE, NOTE) VALUES ('C01030003', 'STD-BRM', 'nc:InformationSystem', 'Information Systems', 'RELATED_MATCH', 0.8, '');
INSERT INTO MC_CLSF_STD_REF (CLSF_ID, STD_ID, EXTERNAL_ID, EXTERNAL_NAME, MATCH_TYPE, CONFIDENCE, NOTE) VALUES ('C01030004', 'STD-BRM', 'dcat:Dataset', 'Open Data', 'RELATED_MATCH', 0.8, '');
INSERT INTO MC_CLSF_STD_REF (CLSF_ID, STD_ID, EXTERNAL_ID, EXTERNAL_NAME, MATCH_TYPE, CONFIDENCE, NOTE) VALUES ('C01040001', 'STD-BRM', '국정운영', '', 'CLOSE_MATCH', 0.8, '');
INSERT INTO MC_CLSF_STD_REF (CLSF_ID, STD_ID, EXTERNAL_ID, EXTERNAL_NAME, MATCH_TYPE, CONFIDENCE, NOTE) VALUES ('C01040002', 'STD-BRM', 'nc:Program', 'National Programs', 'RELATED_MATCH', 0.8, '');
INSERT INTO MC_CLSF_STD_REF (CLSF_ID, STD_ID, EXTERNAL_ID, EXTERNAL_NAME, MATCH_TYPE, CONFIDENCE, NOTE) VALUES ('C01040003', 'STD-BRM', 'nc:PublicService', 'Public Services', 'RELATED_MATCH', 0.8, '');
INSERT INTO MC_CLSF_STD_REF (CLSF_ID, STD_ID, EXTERNAL_ID, EXTERNAL_NAME, MATCH_TYPE, CONFIDENCE, NOTE) VALUES ('C01050001', 'STD-BRM', '민원·행정서비스', '', 'CLOSE_MATCH', 0.85, '');
INSERT INTO MC_CLSF_STD_REF (CLSF_ID, STD_ID, EXTERNAL_ID, EXTERNAL_NAME, MATCH_TYPE, CONFIDENCE, NOTE) VALUES ('C01060001', 'STD-BRM', '통계·조사', '', 'CLOSE_MATCH', 0.8, '');
-- 교육
INSERT INTO MC_CLSF_STD_REF (CLSF_ID, STD_ID, EXTERNAL_ID, EXTERNAL_NAME, MATCH_TYPE, CONFIDENCE, NOTE) VALUES ('C02000001', 'STD-UNESCO', 'concept2954', 'Education', 'EXACT_MATCH', 1.0, '');
INSERT INTO MC_CLSF_STD_REF (CLSF_ID, STD_ID, EXTERNAL_ID, EXTERNAL_NAME, MATCH_TYPE, CONFIDENCE, NOTE) VALUES ('C02000001', 'STD-DATAGOkr', '교육', '', 'EXACT_MATCH', 1.0, '');
INSERT INTO MC_CLSF_STD_REF (CLSF_ID, STD_ID, EXTERNAL_ID, EXTERNAL_NAME, MATCH_TYPE, CONFIDENCE, NOTE) VALUES ('C02010001', 'STD-UNESCO', 'concept3143', 'Educational statistics', 'EXACT_MATCH', 0.95, '');
INSERT INTO MC_CLSF_STD_REF (CLSF_ID, STD_ID, EXTERNAL_ID, EXTERNAL_NAME, MATCH_TYPE, CONFIDENCE, NOTE) VALUES ('C02010002', 'STD-UNESCO', 'ISCED-1-6', 'School Education Statistics', 'RELATED_MATCH', 0.85, '');
INSERT INTO MC_CLSF_STD_REF (CLSF_ID, STD_ID, EXTERNAL_ID, EXTERNAL_NAME, MATCH_TYPE, CONFIDENCE, NOTE) VALUES ('C02010003', 'STD-UNESCO', 'ISCED-TEACHERS', 'Teaching Staff Statistics', 'CLOSE_MATCH', 0.9, '');
INSERT INTO MC_CLSF_STD_REF (CLSF_ID, STD_ID, EXTERNAL_ID, EXTERNAL_NAME, MATCH_TYPE, CONFIDENCE, NOTE) VALUES ('C02010004', 'STD-UNESCO', 'ISCED-STUDENTS', 'Student Statistics', 'CLOSE_MATCH', 0.9, '');
INSERT INTO MC_CLSF_STD_REF (CLSF_ID, STD_ID, EXTERNAL_ID, EXTERNAL_NAME, MATCH_TYPE, CONFIDENCE, NOTE) VALUES ('C02020001', 'STD-UNESCO', 'concept5645', 'Lifelong learning', 'EXACT_MATCH', 0.95, '');
INSERT INTO MC_CLSF_STD_REF (CLSF_ID, STD_ID, EXTERNAL_ID, EXTERNAL_NAME, MATCH_TYPE, CONFIDENCE, NOTE) VALUES ('C02020002', 'STD-UNESCO', 'ISCED-4', 'Post-secondary Non-tertiary Education Institutions', 'RELATED_MATCH', 0.8, '');
INSERT INTO MC_CLSF_STD_REF (CLSF_ID, STD_ID, EXTERNAL_ID, EXTERNAL_NAME, MATCH_TYPE, CONFIDENCE, NOTE) VALUES ('C02020003', 'STD-UNESCO', 'ISCED-4-PROG', 'Lifelong Learning Programs', 'RELATED_MATCH', 0.82, '');
INSERT INTO MC_CLSF_STD_REF (CLSF_ID, STD_ID, EXTERNAL_ID, EXTERNAL_NAME, MATCH_TYPE, CONFIDENCE, NOTE) VALUES ('C02020004', 'STD-UNESCO', 'ISCED-LITERACY', 'Adult Literacy Education', 'CLOSE_MATCH', 0.9, '');
INSERT INTO MC_CLSF_STD_REF (CLSF_ID, STD_ID, EXTERNAL_ID, EXTERNAL_NAME, MATCH_TYPE, CONFIDENCE, NOTE) VALUES ('C02030001', 'STD-UNESCO', 'concept2776', 'School education', 'CLOSE_MATCH', 0.9, '');
INSERT INTO MC_CLSF_STD_REF (CLSF_ID, STD_ID, EXTERNAL_ID, EXTERNAL_NAME, MATCH_TYPE, CONFIDENCE, NOTE) VALUES ('C02030002', 'STD-UNESCO', 'ISCED-1-3', 'Primary and Secondary Education', 'EXACT_MATCH', 0.95, '');
INSERT INTO MC_CLSF_STD_REF (CLSF_ID, STD_ID, EXTERNAL_ID, EXTERNAL_NAME, MATCH_TYPE, CONFIDENCE, NOTE) VALUES ('C02030003', 'STD-UNESCO', 'ISCED-CURRICULUM', 'Education Curriculum', 'CLOSE_MATCH', 0.9, '');
INSERT INTO MC_CLSF_STD_REF (CLSF_ID, STD_ID, EXTERNAL_ID, EXTERNAL_NAME, MATCH_TYPE, CONFIDENCE, NOTE) VALUES ('C02030004', 'STD-UNESCO', 'ISCED-ACHIEVEMENT', 'Academic Achievement', 'CLOSE_MATCH', 0.88, '');
INSERT INTO MC_CLSF_STD_REF (CLSF_ID, STD_ID, EXTERNAL_ID, EXTERNAL_NAME, MATCH_TYPE, CONFIDENCE, NOTE) VALUES ('C02040001', 'STD-UNESCO', 'concept4598', 'Higher education', 'EXACT_MATCH', 0.95, '');
INSERT INTO MC_CLSF_STD_REF (CLSF_ID, STD_ID, EXTERNAL_ID, EXTERNAL_NAME, MATCH_TYPE, CONFIDENCE, NOTE) VALUES ('C02040002', 'STD-UNESCO', 'ISCED-5-8', 'Tertiary Education (Universities)', 'EXACT_MATCH', 0.95, '');
INSERT INTO MC_CLSF_STD_REF (CLSF_ID, STD_ID, EXTERNAL_ID, EXTERNAL_NAME, MATCH_TYPE, CONFIDENCE, NOTE) VALUES ('C02040003', 'STD-UNESCO', 'ISCED-5-8-INFO', 'Higher Education Information Disclosure', 'RELATED_MATCH', 0.8, '');
INSERT INTO MC_CLSF_STD_REF (CLSF_ID, STD_ID, EXTERNAL_ID, EXTERNAL_NAME, MATCH_TYPE, CONFIDENCE, NOTE) VALUES ('C02050001', 'STD-UNESCO', 'concept6504', 'Early childhood education', 'CLOSE_MATCH', 0.9, '');
INSERT INTO MC_CLSF_STD_REF (CLSF_ID, STD_ID, EXTERNAL_ID, EXTERNAL_NAME, MATCH_TYPE, CONFIDENCE, NOTE) VALUES ('C02060001', 'STD-UNESCO', 'concept7484', 'Special education', 'CLOSE_MATCH', 0.9, '');
-- 보건의료
INSERT INTO MC_CLSF_STD_REF (CLSF_ID, STD_ID, EXTERNAL_ID, EXTERNAL_NAME, MATCH_TYPE, CONFIDENCE, NOTE) VALUES ('C03000001', 'STD-MESH', 'D006296', 'Health Services', 'BROAD_MATCH', 0.9, '');
INSERT INTO MC_CLSF_STD_REF (CLSF_ID, STD_ID, EXTERNAL_ID, EXTERNAL_NAME, MATCH_TYPE, CONFIDENCE, NOTE) VALUES ('C03000001', 'STD-DATAGOkr', '보건', '', 'EXACT_MATCH', 1.0, '');
INSERT INTO MC_CLSF_STD_REF (CLSF_ID, STD_ID, EXTERNAL_ID, EXTERNAL_NAME, MATCH_TYPE, CONFIDENCE, NOTE) VALUES ('C03010001', 'STD-MESH', 'D006268', 'Health Facilities', 'EXACT_MATCH', 0.95, '');
INSERT INTO MC_CLSF_STD_REF (CLSF_ID, STD_ID, EXTERNAL_ID, EXTERNAL_NAME, MATCH_TYPE, CONFIDENCE, NOTE) VALUES ('C03010002', 'STD-MESH', 'D006761', 'Hospitals and Clinics', 'CLOSE_MATCH', 0.9, '');
INSERT INTO MC_CLSF_STD_REF (CLSF_ID, STD_ID, EXTERNAL_ID, EXTERNAL_NAME, MATCH_TYPE, CONFIDENCE, NOTE) VALUES ('C03010003', 'STD-MESH', 'D010594', 'Pharmacies', 'EXACT_MATCH', 0.98, '');
INSERT INTO MC_CLSF_STD_REF (CLSF_ID, STD_ID, EXTERNAL_ID, EXTERNAL_NAME, MATCH_TYPE, CONFIDENCE, NOTE) VALUES ('C03010004', 'STD-MESH', 'D006268', 'Health Facilities', 'CLOSE_MATCH', 0.92, '');
INSERT INTO MC_CLSF_STD_REF (CLSF_ID, STD_ID, EXTERNAL_ID, EXTERNAL_NAME, MATCH_TYPE, CONFIDENCE, NOTE) VALUES ('C03010005', 'STD-MESH', 'D004864', 'Medical Equipment', 'CLOSE_MATCH', 0.9, '');
INSERT INTO MC_CLSF_STD_REF (CLSF_ID, STD_ID, EXTERNAL_ID, EXTERNAL_NAME, MATCH_TYPE, CONFIDENCE, NOTE) VALUES ('C03020001', 'STD-MESH', 'D006296', 'Health Services', 'BROAD_MATCH', 0.85, '');
INSERT INTO MC_CLSF_STD_REF (CLSF_ID, STD_ID, EXTERNAL_ID, EXTERNAL_NAME, MATCH_TYPE, CONFIDENCE, NOTE) VALUES ('C03020002', 'STD-MESH', 'D006296', 'Health Services Accessibility', 'RELATED_MATCH', 0.8, '');
INSERT INTO MC_CLSF_STD_REF (CLSF_ID, STD_ID, EXTERNAL_ID, EXTERNAL_NAME, MATCH_TYPE, CONFIDENCE, NOTE) VALUES ('C03020003', 'STD-MESH', 'D000067576', 'Healthcare Statistics', 'RELATED_MATCH', 0.85, '');
INSERT INTO MC_CLSF_STD_REF (CLSF_ID, STD_ID, EXTERNAL_ID, EXTERNAL_NAME, MATCH_TYPE, CONFIDENCE, NOTE) VALUES ('C03020004', 'STD-MESH', 'D017721', 'Hospital Costs', 'RELATED_MATCH', 0.82, '');
INSERT INTO MC_CLSF_STD_REF (CLSF_ID, STD_ID, EXTERNAL_ID, EXTERNAL_NAME, MATCH_TYPE, CONFIDENCE, NOTE) VALUES ('C03030001', 'STD-MESH', 'D006282', 'Health Personnel', 'EXACT_MATCH', 0.95, '');
INSERT INTO MC_CLSF_STD_REF (CLSF_ID, STD_ID, EXTERNAL_ID, EXTERNAL_NAME, MATCH_TYPE, CONFIDENCE, NOTE) VALUES ('C03030002', 'STD-MESH', 'D006282', 'Health Personnel', 'CLOSE_MATCH', 0.9, '');
INSERT INTO MC_CLSF_STD_REF (CLSF_ID, STD_ID, EXTERNAL_ID, EXTERNAL_NAME, MATCH_TYPE, CONFIDENCE, NOTE) VALUES ('C03030003', 'STD-MESH', 'D006282', 'Health Personnel Statistics', 'RELATED_MATCH', 0.85, '');
INSERT INTO MC_CLSF_STD_REF (CLSF_ID, STD_ID, EXTERNAL_ID, EXTERNAL_NAME, MATCH_TYPE, CONFIDENCE, NOTE) VALUES ('C03040001', 'STD-MESH', 'D007348', 'Insurance, Health', 'CLOSE_MATCH', 0.9, '');
INSERT INTO MC_CLSF_STD_REF (CLSF_ID, STD_ID, EXTERNAL_ID, EXTERNAL_NAME, MATCH_TYPE, CONFIDENCE, NOTE) VALUES ('C03040002', 'STD-MESH', 'D019458', 'Health Insurance Coverage', 'CLOSE_MATCH', 0.92, '');
INSERT INTO MC_CLSF_STD_REF (CLSF_ID, STD_ID, EXTERNAL_ID, EXTERNAL_NAME, MATCH_TYPE, CONFIDENCE, NOTE) VALUES ('C03040003', 'STD-MESH', 'D008484', 'Medicaid', 'RELATED_MATCH', 0.8, '');
INSERT INTO MC_CLSF_STD_REF (CLSF_ID, STD_ID, EXTERNAL_ID, EXTERNAL_NAME, MATCH_TYPE, CONFIDENCE, NOTE) VALUES ('C03050001', 'STD-MESH', 'D004194', 'Disease', 'BROAD_MATCH', 0.85, '');
INSERT INTO MC_CLSF_STD_REF (CLSF_ID, STD_ID, EXTERNAL_ID, EXTERNAL_NAME, MATCH_TYPE, CONFIDENCE, NOTE) VALUES ('C03050001', 'STD-KCD', 'A00-Z99', '질병분류 전체', 'BROAD_MATCH', 0.8, '');
INSERT INTO MC_CLSF_STD_REF (CLSF_ID, STD_ID, EXTERNAL_ID, EXTERNAL_NAME, MATCH_TYPE, CONFIDENCE, NOTE) VALUES ('C03050002', 'STD-MESH', 'D009369', 'Neoplasms', 'EXACT_MATCH', 1.0, '');
INSERT INTO MC_CLSF_STD_REF (CLSF_ID, STD_ID, EXTERNAL_ID, EXTERNAL_NAME, MATCH_TYPE, CONFIDENCE, NOTE) VALUES ('C03050002', 'STD-KCD', 'C00-D48', '신생물', 'EXACT_MATCH', 1.0, '');
INSERT INTO MC_CLSF_STD_REF (CLSF_ID, STD_ID, EXTERNAL_ID, EXTERNAL_NAME, MATCH_TYPE, CONFIDENCE, NOTE) VALUES ('C03050002', 'STD-ICD11', '2', 'Neoplasms', 'EXACT_MATCH', 1.0, '');
INSERT INTO MC_CLSF_STD_REF (CLSF_ID, STD_ID, EXTERNAL_ID, EXTERNAL_NAME, MATCH_TYPE, CONFIDENCE, NOTE) VALUES ('C03050003', 'STD-MESH', 'D005128', 'Eye Diseases', 'BROAD_MATCH', 0.9, '');
INSERT INTO MC_CLSF_STD_REF (CLSF_ID, STD_ID, EXTERNAL_ID, EXTERNAL_NAME, MATCH_TYPE, CONFIDENCE, NOTE) VALUES ('C03050003', 'STD-KCD', 'H00-H59', '눈 및 눈부속기의 질환', 'EXACT_MATCH', 0.95, '');
INSERT INTO MC_CLSF_STD_REF (CLSF_ID, STD_ID, EXTERNAL_ID, EXTERNAL_NAME, MATCH_TYPE, CONFIDENCE, NOTE) VALUES ('C03050004', 'STD-MESH', 'D004066', 'Digestive System Diseases', 'BROAD_MATCH', 0.9, '');
INSERT INTO MC_CLSF_STD_REF (CLSF_ID, STD_ID, EXTERNAL_ID, EXTERNAL_NAME, MATCH_TYPE, CONFIDENCE, NOTE) VALUES ('C03050004', 'STD-KCD', 'K00-K93', '소화계통의 질환', 'EXACT_MATCH', 0.95, '');
INSERT INTO MC_CLSF_STD_REF (CLSF_ID, STD_ID, EXTERNAL_ID, EXTERNAL_NAME, MATCH_TYPE, CONFIDENCE, NOTE) VALUES ('C03060001', 'STD-MESH', 'D064886', 'Dataset', 'RELATED_MATCH', 0.7, '');
INSERT INTO MC_CLSF_STD_REF (CLSF_ID, STD_ID, EXTERNAL_ID, EXTERNAL_NAME, MATCH_TYPE, CONFIDENCE, NOTE) VALUES ('C03060002', 'STD-MESH', 'D000069079', 'Medical Imaging Data', 'CLOSE_MATCH', 0.88, '');
-- 사회복지
INSERT INTO MC_CLSF_STD_REF (CLSF_ID, STD_ID, EXTERNAL_ID, EXTERNAL_NAME, MATCH_TYPE, CONFIDENCE, NOTE) VALUES ('C04000001', 'STD-DATAGOkr', '사회복지', '', 'EXACT_MATCH', 1.0, '');
INSERT INTO MC_CLSF_STD_REF (CLSF_ID, STD_ID, EXTERNAL_ID, EXTERNAL_NAME, MATCH_TYPE, CONFIDENCE, NOTE) VALUES ('C04010001', 'STD-DATAGOkr', '사회복지', '', 'NARROW_MATCH', 0.9, '');
INSERT INTO MC_CLSF_STD_REF (CLSF_ID, STD_ID, EXTERNAL_ID, EXTERNAL_NAME, MATCH_TYPE, CONFIDENCE, NOTE) VALUES ('C04010002', 'STD-MESH', 'D012947', 'Social Welfare', 'EXACT_MATCH', 0.95, '');
INSERT INTO MC_CLSF_STD_REF (CLSF_ID, STD_ID, EXTERNAL_ID, EXTERNAL_NAME, MATCH_TYPE, CONFIDENCE, NOTE) VALUES ('C04010003', 'STD-MESH', 'D011634', 'Public Assistance', 'CLOSE_MATCH', 0.9, '');
INSERT INTO MC_CLSF_STD_REF (CLSF_ID, STD_ID, EXTERNAL_ID, EXTERNAL_NAME, MATCH_TYPE, CONFIDENCE, NOTE) VALUES ('C04010004', 'STD-MESH', 'D012943', 'Social Security', 'CLOSE_MATCH', 0.92, '');
INSERT INTO MC_CLSF_STD_REF (CLSF_ID, STD_ID, EXTERNAL_ID, EXTERNAL_NAME, MATCH_TYPE, CONFIDENCE, NOTE) VALUES ('C04020001', 'STD-DATAGOkr', '사회복지', '', 'NARROW_MATCH', 0.9, '');
INSERT INTO MC_CLSF_STD_REF (CLSF_ID, STD_ID, EXTERNAL_ID, EXTERNAL_NAME, MATCH_TYPE, CONFIDENCE, NOTE) VALUES ('C04020002', 'STD-MESH', 'D002648', 'Child Welfare', 'EXACT_MATCH', 0.98, '');
INSERT INTO MC_CLSF_STD_REF (CLSF_ID, STD_ID, EXTERNAL_ID, EXTERNAL_NAME, MATCH_TYPE, CONFIDENCE, NOTE) VALUES ('C04020003', 'STD-MESH', 'D000068101', 'Childcare Services', 'CLOSE_MATCH', 0.9, '');
INSERT INTO MC_CLSF_STD_REF (CLSF_ID, STD_ID, EXTERNAL_ID, EXTERNAL_NAME, MATCH_TYPE, CONFIDENCE, NOTE) VALUES ('C04020004', 'STD-MESH', 'D002675', 'Child Protection', 'CLOSE_MATCH', 0.88, '');
INSERT INTO MC_CLSF_STD_REF (CLSF_ID, STD_ID, EXTERNAL_ID, EXTERNAL_NAME, MATCH_TYPE, CONFIDENCE, NOTE) VALUES ('C04030001', 'STD-DATAGOkr', '사회복지', '', 'NARROW_MATCH', 0.9, '');
INSERT INTO MC_CLSF_STD_REF (CLSF_ID, STD_ID, EXTERNAL_ID, EXTERNAL_NAME, MATCH_TYPE, CONFIDENCE, NOTE) VALUES ('C04030002', 'STD-MESH', 'D006233', 'Disabled Persons', 'EXACT_MATCH', 0.95, '');
INSERT INTO MC_CLSF_STD_REF (CLSF_ID, STD_ID, EXTERNAL_ID, EXTERNAL_NAME, MATCH_TYPE, CONFIDENCE, NOTE) VALUES ('C04030003', 'STD-MESH', 'D012050', 'Rehabilitation Services', 'CLOSE_MATCH', 0.9, '');
INSERT INTO MC_CLSF_STD_REF (CLSF_ID, STD_ID, EXTERNAL_ID, EXTERNAL_NAME, MATCH_TYPE, CONFIDENCE, NOTE) VALUES ('C04030004', 'STD-MESH', 'D000077527', 'Disability Benefits', 'RELATED_MATCH', 0.85, '');
INSERT INTO MC_CLSF_STD_REF (CLSF_ID, STD_ID, EXTERNAL_ID, EXTERNAL_NAME, MATCH_TYPE, CONFIDENCE, NOTE) VALUES ('C04040001', 'STD-DATAGOkr', '사회복지', '', 'NARROW_MATCH', 0.9, '');
INSERT INTO MC_CLSF_STD_REF (CLSF_ID, STD_ID, EXTERNAL_ID, EXTERNAL_NAME, MATCH_TYPE, CONFIDENCE, NOTE) VALUES ('C04040002', 'STD-MESH', 'D000368', 'Aged', 'EXACT_MATCH', 0.95, '');
INSERT INTO MC_CLSF_STD_REF (CLSF_ID, STD_ID, EXTERNAL_ID, EXTERNAL_NAME, MATCH_TYPE, CONFIDENCE, NOTE) VALUES ('C04040003', 'STD-MESH', 'D016387', 'Long-term Care', 'CLOSE_MATCH', 0.92, '');
INSERT INTO MC_CLSF_STD_REF (CLSF_ID, STD_ID, EXTERNAL_ID, EXTERNAL_NAME, MATCH_TYPE, CONFIDENCE, NOTE) VALUES ('C04040004', 'STD-MESH', 'D010415', 'Pensions', 'EXACT_MATCH', 0.98, '');
INSERT INTO MC_CLSF_STD_REF (CLSF_ID, STD_ID, EXTERNAL_ID, EXTERNAL_NAME, MATCH_TYPE, CONFIDENCE, NOTE) VALUES ('C04050001', 'STD-DATAGOkr', '사회복지', '', 'NARROW_MATCH', 0.9, '');
INSERT INTO MC_CLSF_STD_REF (CLSF_ID, STD_ID, EXTERNAL_ID, EXTERNAL_NAME, MATCH_TYPE, CONFIDENCE, NOTE) VALUES ('C04060001', 'STD-DATAGOkr', '사회복지', '', 'NARROW_MATCH', 0.9, '');
-- 법률
INSERT INTO MC_CLSF_STD_REF (CLSF_ID, STD_ID, EXTERNAL_ID, EXTERNAL_NAME, MATCH_TYPE, CONFIDENCE, NOTE) VALUES ('C05000001', 'STD-MOLEG', 'LAW', '법령', 'BROAD_MATCH', 0.9, '');
INSERT INTO MC_CLSF_STD_REF (CLSF_ID, STD_ID, EXTERNAL_ID, EXTERNAL_NAME, MATCH_TYPE, CONFIDENCE, NOTE) VALUES ('C05000001', 'STD-DATAGOkr', '법률', '', 'EXACT_MATCH', 1.0, '');
INSERT INTO MC_CLSF_STD_REF (CLSF_ID, STD_ID, EXTERNAL_ID, EXTERNAL_NAME, MATCH_TYPE, CONFIDENCE, NOTE) VALUES ('C05010001', 'STD-MOLEG', 'STATUTE', '법령·법규', 'EXACT_MATCH', 0.95, '');
INSERT INTO MC_CLSF_STD_REF (CLSF_ID, STD_ID, EXTERNAL_ID, EXTERNAL_NAME, MATCH_TYPE, CONFIDENCE, NOTE) VALUES ('C05010002', 'STD-MESH', 'D007881', 'Legislation as Topic', 'CLOSE_MATCH', 0.9, '');
INSERT INTO MC_CLSF_STD_REF (CLSF_ID, STD_ID, EXTERNAL_ID, EXTERNAL_NAME, MATCH_TYPE, CONFIDENCE, NOTE) VALUES ('C05010003', 'STD-MESH', 'D005069', 'Executive Orders and Regulations', 'RELATED_MATCH', 0.85, '');
INSERT INTO MC_CLSF_STD_REF (CLSF_ID, STD_ID, EXTERNAL_ID, EXTERNAL_NAME, MATCH_TYPE, CONFIDENCE, NOTE) VALUES ('C05010004', 'STD-MESH', 'D007881', 'Local Ordinances', 'RELATED_MATCH', 0.8, '');
INSERT INTO MC_CLSF_STD_REF (CLSF_ID, STD_ID, EXTERNAL_ID, EXTERNAL_NAME, MATCH_TYPE, CONFIDENCE, NOTE) VALUES ('C05020001', 'STD-MOLEG', 'PREC', '판례', 'EXACT_MATCH', 0.95, '');
INSERT INTO MC_CLSF_STD_REF (CLSF_ID, STD_ID, EXTERNAL_ID, EXTERNAL_NAME, MATCH_TYPE, CONFIDENCE, NOTE) VALUES ('C05020002', 'STD-MESH', 'D035521', 'Supreme Court Decisions', 'CLOSE_MATCH', 0.9, '');
INSERT INTO MC_CLSF_STD_REF (CLSF_ID, STD_ID, EXTERNAL_ID, EXTERNAL_NAME, MATCH_TYPE, CONFIDENCE, NOTE) VALUES ('C05020003', 'STD-MESH', 'D035521', 'Lower Court Decisions', 'CLOSE_MATCH', 0.88, '');
INSERT INTO MC_CLSF_STD_REF (CLSF_ID, STD_ID, EXTERNAL_ID, EXTERNAL_NAME, MATCH_TYPE, CONFIDENCE, NOTE) VALUES ('C05020004', 'STD-MESH', 'D007881', 'Judicial Statistics', 'RELATED_MATCH', 0.8, '');
INSERT INTO MC_CLSF_STD_REF (CLSF_ID, STD_ID, EXTERNAL_ID, EXTERNAL_NAME, MATCH_TYPE, CONFIDENCE, NOTE) VALUES ('C05030001', 'STD-MOLEG', 'SERVICE', '법률서비스', 'CLOSE_MATCH', 0.9, '');
INSERT INTO MC_CLSF_STD_REF (CLSF_ID, STD_ID, EXTERNAL_ID, EXTERNAL_NAME, MATCH_TYPE, CONFIDENCE, NOTE) VALUES ('C05030002', 'STD-MESH', 'D035781', 'Legal Consultation', 'CLOSE_MATCH', 0.9, '');
INSERT INTO MC_CLSF_STD_REF (CLSF_ID, STD_ID, EXTERNAL_ID, EXTERNAL_NAME, MATCH_TYPE, CONFIDENCE, NOTE) VALUES ('C05030003', 'STD-MESH', 'D035521', 'Legal Aid', 'CLOSE_MATCH', 0.92, '');
INSERT INTO MC_CLSF_STD_REF (CLSF_ID, STD_ID, EXTERNAL_ID, EXTERNAL_NAME, MATCH_TYPE, CONFIDENCE, NOTE) VALUES ('C05040001', 'STD-MOLEG', 'LAW', '법령', 'NARROW_MATCH', 0.85, '');
INSERT INTO MC_CLSF_STD_REF (CLSF_ID, STD_ID, EXTERNAL_ID, EXTERNAL_NAME, MATCH_TYPE, CONFIDENCE, NOTE) VALUES ('C05050001', 'STD-MOLEG', 'LAW', '법령', 'NARROW_MATCH', 0.85, '');
INSERT INTO MC_CLSF_STD_REF (CLSF_ID, STD_ID, EXTERNAL_ID, EXTERNAL_NAME, MATCH_TYPE, CONFIDENCE, NOTE) VALUES ('C05060001', 'STD-MOLEG', 'LAW', '법령', 'NARROW_MATCH', 0.85, '');
-- 재정금융
INSERT INTO MC_CLSF_STD_REF (CLSF_ID, STD_ID, EXTERNAL_ID, EXTERNAL_NAME, MATCH_TYPE, CONFIDENCE, NOTE) VALUES ('C06000001', 'STD-FIBO', 'fibo-fnd', 'Foundations', 'BROAD_MATCH', 0.85, '');
INSERT INTO MC_CLSF_STD_REF (CLSF_ID, STD_ID, EXTERNAL_ID, EXTERNAL_NAME, MATCH_TYPE, CONFIDENCE, NOTE) VALUES ('C06000001', 'STD-DATAGOkr', '재정금융', '', 'EXACT_MATCH', 1.0, '');
INSERT INTO MC_CLSF_STD_REF (CLSF_ID, STD_ID, EXTERNAL_ID, EXTERNAL_NAME, MATCH_TYPE, CONFIDENCE, NOTE) VALUES ('C06010001', 'STD-FIBO', 'fibo-ind-ir', 'Interest Rates', 'CLOSE_MATCH', 0.85, '');
INSERT INTO MC_CLSF_STD_REF (CLSF_ID, STD_ID, EXTERNAL_ID, EXTERNAL_NAME, MATCH_TYPE, CONFIDENCE, NOTE) VALUES ('C06010002', 'STD-FIBO', 'fibo-fbc-pas-fpas:Budget', '예산 (Budget)', 'EXACT_MATCH', 0.95, '');
INSERT INTO MC_CLSF_STD_REF (CLSF_ID, STD_ID, EXTERNAL_ID, EXTERNAL_NAME, MATCH_TYPE, CONFIDENCE, NOTE) VALUES ('C06010003', 'STD-FIBO', 'fibo-fbc-pas-fpas:DepartmentalBudget', '부처별 예산', 'CLOSE_MATCH', 0.9, '');
INSERT INTO MC_CLSF_STD_REF (CLSF_ID, STD_ID, EXTERNAL_ID, EXTERNAL_NAME, MATCH_TYPE, CONFIDENCE, NOTE) VALUES ('C06010004', 'STD-FIBO', 'fibo-fbc-pas-fpas:BudgetExpenditure', '세출·세입 예산', 'RELATED_MATCH', 0.85, '');
INSERT INTO MC_CLSF_STD_REF (CLSF_ID, STD_ID, EXTERNAL_ID, EXTERNAL_NAME, MATCH_TYPE, CONFIDENCE, NOTE) VALUES ('C06020001', 'STD-FIBO', 'fibo-fbc-fi', 'Financial Instruments', 'CLOSE_MATCH', 0.8, '');
INSERT INTO MC_CLSF_STD_REF (CLSF_ID, STD_ID, EXTERNAL_ID, EXTERNAL_NAME, MATCH_TYPE, CONFIDENCE, NOTE) VALUES ('C06020002', 'STD-FIBO', 'fibo-fbc-fct-ra:FinancialStatement', '재정상태표', 'CLOSE_MATCH', 0.9, '');
INSERT INTO MC_CLSF_STD_REF (CLSF_ID, STD_ID, EXTERNAL_ID, EXTERNAL_NAME, MATCH_TYPE, CONFIDENCE, NOTE) VALUES ('C06020003', 'STD-FIBO', 'fibo-fbc-fct-ra:FiscalSettlement', '국가결산', 'CLOSE_MATCH', 0.88, '');
INSERT INTO MC_CLSF_STD_REF (CLSF_ID, STD_ID, EXTERNAL_ID, EXTERNAL_NAME, MATCH_TYPE, CONFIDENCE, NOTE) VALUES ('C06020004', 'STD-FIBO', 'fibo-fnd-arr-asmt:Assessment', '재정사업 평가', 'RELATED_MATCH', 0.8, '');
INSERT INTO MC_CLSF_STD_REF (CLSF_ID, STD_ID, EXTERNAL_ID, EXTERNAL_NAME, MATCH_TYPE, CONFIDENCE, NOTE) VALUES ('C06030001', 'STD-FIBO', 'fibo-be-corp', 'Corporations', 'BROAD_MATCH', 0.8, '');
INSERT INTO MC_CLSF_STD_REF (CLSF_ID, STD_ID, EXTERNAL_ID, EXTERNAL_NAME, MATCH_TYPE, CONFIDENCE, NOTE) VALUES ('C06030001', 'STD-FIBO', 'fibo-fbc-fct-fse', 'Financial Services Entities', 'CLOSE_MATCH', 0.85, '');
INSERT INTO MC_CLSF_STD_REF (CLSF_ID, STD_ID, EXTERNAL_ID, EXTERNAL_NAME, MATCH_TYPE, CONFIDENCE, NOTE) VALUES ('C06030002', 'STD-FIBO', 'fibo-fbc-pas-fpas:LocalBudget', '지방예산', 'EXACT_MATCH', 0.95, '');
INSERT INTO MC_CLSF_STD_REF (CLSF_ID, STD_ID, EXTERNAL_ID, EXTERNAL_NAME, MATCH_TYPE, CONFIDENCE, NOTE) VALUES ('C06030003', 'STD-FIBO', 'fibo-fbc-pas-fpas:LocalRevenue', '지방세입', 'EXACT_MATCH', 0.95, '');
INSERT INTO MC_CLSF_STD_REF (CLSF_ID, STD_ID, EXTERNAL_ID, EXTERNAL_NAME, MATCH_TYPE, CONFIDENCE, NOTE) VALUES ('C06030004', 'STD-FIBO', 'fibo-fbc-fct-ra:FiscalAutonomy', '재정자립도', 'CLOSE_MATCH', 0.9, '');
INSERT INTO MC_CLSF_STD_REF (CLSF_ID, STD_ID, EXTERNAL_ID, EXTERNAL_NAME, MATCH_TYPE, CONFIDENCE, NOTE) VALUES ('C06040001', 'STD-FIBO', 'fibo-sec', 'Securities', 'EXACT_MATCH', 0.95, '');
INSERT INTO MC_CLSF_STD_REF (CLSF_ID, STD_ID, EXTERNAL_ID, EXTERNAL_NAME, MATCH_TYPE, CONFIDENCE, NOTE) VALUES ('C06040002', 'STD-FIBO', 'fibo-fbc-pas-fpas:NationalTax', '국세', 'EXACT_MATCH', 0.98, '');
INSERT INTO MC_CLSF_STD_REF (CLSF_ID, STD_ID, EXTERNAL_ID, EXTERNAL_NAME, MATCH_TYPE, CONFIDENCE, NOTE) VALUES ('C06040003', 'STD-FIBO', 'fibo-fbc-pas-fpas:LocalTax', '지방세', 'EXACT_MATCH', 0.98, '');
INSERT INTO MC_CLSF_STD_REF (CLSF_ID, STD_ID, EXTERNAL_ID, EXTERNAL_NAME, MATCH_TYPE, CONFIDENCE, NOTE) VALUES ('C06040004', 'STD-FIBO', 'fibo-fbc-pas-fpas:FinancialIncomeTax', '금융소득 과세', 'CLOSE_MATCH', 0.9, '');
INSERT INTO MC_CLSF_STD_REF (CLSF_ID, STD_ID, EXTERNAL_ID, EXTERNAL_NAME, MATCH_TYPE, CONFIDENCE, NOTE) VALUES ('C06050001', 'STD-FIBO', 'fibo-loan', 'Loan', 'EXACT_MATCH', 0.95, '');
INSERT INTO MC_CLSF_STD_REF (CLSF_ID, STD_ID, EXTERNAL_ID, EXTERNAL_NAME, MATCH_TYPE, CONFIDENCE, NOTE) VALUES ('C06050002', 'STD-FIBO', 'fibo-fbc-pas-fpas:FundAccount', '회계·기금', 'RELATED_MATCH', 0.85, '');
INSERT INTO MC_CLSF_STD_REF (CLSF_ID, STD_ID, EXTERNAL_ID, EXTERNAL_NAME, MATCH_TYPE, CONFIDENCE, NOTE) VALUES ('C06050003', 'STD-FIBO', 'fibo-fbc-pas-fpas:FundManagementPlan', '기금운용계획', 'CLOSE_MATCH', 0.9, '');
INSERT INTO MC_CLSF_STD_REF (CLSF_ID, STD_ID, EXTERNAL_ID, EXTERNAL_NAME, MATCH_TYPE, CONFIDENCE, NOTE) VALUES ('C06060001', 'STD-FIBO', 'fibo-ind', 'Indices and Indicators', 'EXACT_MATCH', 0.95, '');
INSERT INTO MC_CLSF_STD_REF (CLSF_ID, STD_ID, EXTERNAL_ID, EXTERNAL_NAME, MATCH_TYPE, CONFIDENCE, NOTE) VALUES ('C06060002', 'STD-FIBO', 'fibo-fbc-fct-mkt:MonetaryPolicy', '통화정책', 'EXACT_MATCH', 0.98, '');
INSERT INTO MC_CLSF_STD_REF (CLSF_ID, STD_ID, EXTERNAL_ID, EXTERNAL_NAME, MATCH_TYPE, CONFIDENCE, NOTE) VALUES ('C06060003', 'STD-FIBO', 'fibo-fnd-arr-reg:FinancialStability', '금융안정', 'EXACT_MATCH', 0.95, '');
INSERT INTO MC_CLSF_STD_REF (CLSF_ID, STD_ID, EXTERNAL_ID, EXTERNAL_NAME, MATCH_TYPE, CONFIDENCE, NOTE) VALUES ('C06060004', 'STD-FIBO', 'fibo-fbc-fct-mkt:CapitalMarket', '자본시장', 'EXACT_MATCH', 0.98, '');
INSERT INTO MC_CLSF_STD_REF (CLSF_ID, STD_ID, EXTERNAL_ID, EXTERNAL_NAME, MATCH_TYPE, CONFIDENCE, NOTE) VALUES ('C06070001', 'STD-FIBO', 'fibo-fbc-pas', 'Products and Services', 'CLOSE_MATCH', 0.8, '');
INSERT INTO MC_CLSF_STD_REF (CLSF_ID, STD_ID, EXTERNAL_ID, EXTERNAL_NAME, MATCH_TYPE, CONFIDENCE, NOTE) VALUES ('C06080001', 'STD-FIBO', 'fibo-sec-fund', 'Funds', 'BROAD_MATCH', 0.85, '');
INSERT INTO MC_CLSF_STD_REF (CLSF_ID, STD_ID, EXTERNAL_ID, EXTERNAL_NAME, MATCH_TYPE, CONFIDENCE, NOTE) VALUES ('C06090001', 'STD-FIBO', 'fibo-be-ge', 'Government Entities', 'CLOSE_MATCH', 0.85, '');
INSERT INTO MC_CLSF_STD_REF (CLSF_ID, STD_ID, EXTERNAL_ID, EXTERNAL_NAME, MATCH_TYPE, CONFIDENCE, NOTE) VALUES ('C06100001', 'STD-FIBO', 'fibo-fnd-acc', 'Accounting', 'CLOSE_MATCH', 0.8, '');
-- 산업경제
INSERT INTO MC_CLSF_STD_REF (CLSF_ID, STD_ID, EXTERNAL_ID, EXTERNAL_NAME, MATCH_TYPE, CONFIDENCE, NOTE) VALUES ('C07000001', 'STD-KSIC', 'A-U', '전체 산업분류', 'BROAD_MATCH', 0.85, '');
INSERT INTO MC_CLSF_STD_REF (CLSF_ID, STD_ID, EXTERNAL_ID, EXTERNAL_NAME, MATCH_TYPE, CONFIDENCE, NOTE) VALUES ('C07000001', 'STD-DATAGOkr', '산업고용', '', 'CLOSE_MATCH', 0.8, '');
INSERT INTO MC_CLSF_STD_REF (CLSF_ID, STD_ID, EXTERNAL_ID, EXTERNAL_NAME, MATCH_TYPE, CONFIDENCE, NOTE) VALUES ('C07010001', 'STD-KSIC', 'C', '제조업', 'BROAD_MATCH', 0.8, '');
INSERT INTO MC_CLSF_STD_REF (CLSF_ID, STD_ID, EXTERNAL_ID, EXTERNAL_NAME, MATCH_TYPE, CONFIDENCE, NOTE) VALUES ('C07010002', 'STD-KSIC', '47911', '전자상거래 소매중개업', 'CLOSE_MATCH', 0.9, '');
INSERT INTO MC_CLSF_STD_REF (CLSF_ID, STD_ID, EXTERNAL_ID, EXTERNAL_NAME, MATCH_TYPE, CONFIDENCE, NOTE) VALUES ('C07010003', 'STD-KSIC', 'G47', '소매업 (유통채널)', 'RELATED_MATCH', 0.85, '');
INSERT INTO MC_CLSF_STD_REF (CLSF_ID, STD_ID, EXTERNAL_ID, EXTERNAL_NAME, MATCH_TYPE, CONFIDENCE, NOTE) VALUES ('C07010004', 'STD-KSIC', '63122', '포털 및 기타 인터넷 정보매개 서비스업', 'RELATED_MATCH', 0.8, '');
INSERT INTO MC_CLSF_STD_REF (CLSF_ID, STD_ID, EXTERNAL_ID, EXTERNAL_NAME, MATCH_TYPE, CONFIDENCE, NOTE) VALUES ('C07020001', 'STD-KSIC', 'C', '제조업', 'BROAD_MATCH', 0.85, '');
INSERT INTO MC_CLSF_STD_REF (CLSF_ID, STD_ID, EXTERNAL_ID, EXTERNAL_NAME, MATCH_TYPE, CONFIDENCE, NOTE) VALUES ('C07020002', 'STD-KSIC', 'C', '제조업 (산업생산)', 'RELATED_MATCH', 0.82, '');
INSERT INTO MC_CLSF_STD_REF (CLSF_ID, STD_ID, EXTERNAL_ID, EXTERNAL_NAME, MATCH_TYPE, CONFIDENCE, NOTE) VALUES ('C07020003', 'STD-KSIC', 'ALL', '산업통계 전체', 'BROAD_MATCH', 0.75, '');
INSERT INTO MC_CLSF_STD_REF (CLSF_ID, STD_ID, EXTERNAL_ID, EXTERNAL_NAME, MATCH_TYPE, CONFIDENCE, NOTE) VALUES ('C07020004', 'STD-KSIC', 'ALL', '기업통계', 'BROAD_MATCH', 0.75, '');
INSERT INTO MC_CLSF_STD_REF (CLSF_ID, STD_ID, EXTERNAL_ID, EXTERNAL_NAME, MATCH_TYPE, CONFIDENCE, NOTE) VALUES ('C07030001', 'STD-KSIC', 'G-N', '서비스업', 'BROAD_MATCH', 0.75, '');
INSERT INTO MC_CLSF_STD_REF (CLSF_ID, STD_ID, EXTERNAL_ID, EXTERNAL_NAME, MATCH_TYPE, CONFIDENCE, NOTE) VALUES ('C07030002', 'STD-MESH', 'D004651', 'Employment', 'CLOSE_MATCH', 0.9, '');
INSERT INTO MC_CLSF_STD_REF (CLSF_ID, STD_ID, EXTERNAL_ID, EXTERNAL_NAME, MATCH_TYPE, CONFIDENCE, NOTE) VALUES ('C07030003', 'STD-MESH', 'D004651', 'Employment Statistics', 'RELATED_MATCH', 0.85, '');
INSERT INTO MC_CLSF_STD_REF (CLSF_ID, STD_ID, EXTERNAL_ID, EXTERNAL_NAME, MATCH_TYPE, CONFIDENCE, NOTE) VALUES ('C07030004', 'STD-MESH', 'D000067576', 'Labor Market', 'CLOSE_MATCH', 0.88, '');
INSERT INTO MC_CLSF_STD_REF (CLSF_ID, STD_ID, EXTERNAL_ID, EXTERNAL_NAME, MATCH_TYPE, CONFIDENCE, NOTE) VALUES ('C07040001', 'STD-KSIC', 'P', '교육 서비스업', 'NARROW_MATCH', 0.7, '');
INSERT INTO MC_CLSF_STD_REF (CLSF_ID, STD_ID, EXTERNAL_ID, EXTERNAL_NAME, MATCH_TYPE, CONFIDENCE, NOTE) VALUES ('C07040002', 'STD-KSIC', '70200', '창업 및 벤처 컨설팅업', 'RELATED_MATCH', 0.8, '');
INSERT INTO MC_CLSF_STD_REF (CLSF_ID, STD_ID, EXTERNAL_ID, EXTERNAL_NAME, MATCH_TYPE, CONFIDENCE, NOTE) VALUES ('C07040003', 'STD-KSIC', '64992', '벤처캐피탈업', 'CLOSE_MATCH', 0.9, '');
INSERT INTO MC_CLSF_STD_REF (CLSF_ID, STD_ID, EXTERNAL_ID, EXTERNAL_NAME, MATCH_TYPE, CONFIDENCE, NOTE) VALUES ('C07040004', 'STD-KSIC', '70200', '창업지원 서비스업', 'RELATED_MATCH', 0.82, '');
INSERT INTO MC_CLSF_STD_REF (CLSF_ID, STD_ID, EXTERNAL_ID, EXTERNAL_NAME, MATCH_TYPE, CONFIDENCE, NOTE) VALUES ('C07050001', 'STD-KSIC', 'M', '전문, 과학 및 기술 서비스업', 'BROAD_MATCH', 0.75, '');
INSERT INTO MC_CLSF_STD_REF (CLSF_ID, STD_ID, EXTERNAL_ID, EXTERNAL_NAME, MATCH_TYPE, CONFIDENCE, NOTE) VALUES ('C07060001', 'STD-KSIC', 'C', '제조업', 'BROAD_MATCH', 0.8, '');
INSERT INTO MC_CLSF_STD_REF (CLSF_ID, STD_ID, EXTERNAL_ID, EXTERNAL_NAME, MATCH_TYPE, CONFIDENCE, NOTE) VALUES ('C07070001', 'STD-KSIC', 'G', '도매 및 소매업', 'RELATED_MATCH', 0.7, '');
-- 디지털커머스
INSERT INTO MC_CLSF_STD_REF (CLSF_ID, STD_ID, EXTERNAL_ID, EXTERNAL_NAME, MATCH_TYPE, CONFIDENCE, NOTE) VALUES ('C08000001', 'STD-KSIC', '47', '소매업; 자동차 제외', 'CLOSE_MATCH', 0.75, '');
INSERT INTO MC_CLSF_STD_REF (CLSF_ID, STD_ID, EXTERNAL_ID, EXTERNAL_NAME, MATCH_TYPE, CONFIDENCE, NOTE) VALUES ('C08010001', 'STD-KSIC', '4791', '전자상거래 소매업', 'EXACT_MATCH', 0.95, '');
INSERT INTO MC_CLSF_STD_REF (CLSF_ID, STD_ID, EXTERNAL_ID, EXTERNAL_NAME, MATCH_TYPE, CONFIDENCE, NOTE) VALUES ('C08010002', 'STD-SCHEMA', 'OnlineStore', 'schema:OnlineStore', 'EXACT_MATCH', 0.95, '');
INSERT INTO MC_CLSF_STD_REF (CLSF_ID, STD_ID, EXTERNAL_ID, EXTERNAL_NAME, MATCH_TYPE, CONFIDENCE, NOTE) VALUES ('C08010002', 'STD-KSIC', '47912', '전자상거래 소매업', 'CLOSE_MATCH', 0.9, '');
INSERT INTO MC_CLSF_STD_REF (CLSF_ID, STD_ID, EXTERNAL_ID, EXTERNAL_NAME, MATCH_TYPE, CONFIDENCE, NOTE) VALUES ('C08010003', 'STD-SCHEMA', 'Marketplace', 'schema:OnlineStore (Marketplace)', 'CLOSE_MATCH', 0.9, '');
INSERT INTO MC_CLSF_STD_REF (CLSF_ID, STD_ID, EXTERNAL_ID, EXTERNAL_NAME, MATCH_TYPE, CONFIDENCE, NOTE) VALUES ('C08010004', 'STD-SCHEMA', 'OnlineStore', 'schema:OnlineStore (Social Commerce)', 'RELATED_MATCH', 0.85, '');
INSERT INTO MC_CLSF_STD_REF (CLSF_ID, STD_ID, EXTERNAL_ID, EXTERNAL_NAME, MATCH_TYPE, CONFIDENCE, NOTE) VALUES ('C08010005', 'STD-SCHEMA', 'OnlineStore', 'schema:OnlineStore (Vertical)', 'RELATED_MATCH', 0.85, '');
INSERT INTO MC_CLSF_STD_REF (CLSF_ID, STD_ID, EXTERNAL_ID, EXTERNAL_NAME, MATCH_TYPE, CONFIDENCE, NOTE) VALUES ('C08020001', 'STD-KSIC', '47', '소매업; 자동차 제외', 'BROAD_MATCH', 0.8, '');
INSERT INTO MC_CLSF_STD_REF (CLSF_ID, STD_ID, EXTERNAL_ID, EXTERNAL_NAME, MATCH_TYPE, CONFIDENCE, NOTE) VALUES ('C08020002', 'STD-GS1', 'Wholesale', 'GS1 Wholesale Distribution', 'CLOSE_MATCH', 0.88, '');
INSERT INTO MC_CLSF_STD_REF (CLSF_ID, STD_ID, EXTERNAL_ID, EXTERNAL_NAME, MATCH_TYPE, CONFIDENCE, NOTE) VALUES ('C08020003', 'STD-SCHEMA', 'DirectSales', 'schema:Product (Direct-to-Consumer)', 'RELATED_MATCH', 0.85, '');
INSERT INTO MC_CLSF_STD_REF (CLSF_ID, STD_ID, EXTERNAL_ID, EXTERNAL_NAME, MATCH_TYPE, CONFIDENCE, NOTE) VALUES ('C08030001', 'STD-KSIC', '64', '금융업', 'NARROW_MATCH', 0.7, '');
INSERT INTO MC_CLSF_STD_REF (CLSF_ID, STD_ID, EXTERNAL_ID, EXTERNAL_NAME, MATCH_TYPE, CONFIDENCE, NOTE) VALUES ('C08030002', 'STD-SCHEMA', 'PaymentMethod', 'schema:PaymentMethod (Mobile Payment)', 'CLOSE_MATCH', 0.9, '');
INSERT INTO MC_CLSF_STD_REF (CLSF_ID, STD_ID, EXTERNAL_ID, EXTERNAL_NAME, MATCH_TYPE, CONFIDENCE, NOTE) VALUES ('C08030003', 'STD-SCHEMA', 'PaymentMethod', 'schema:PaymentMethod (Buy Now Pay Later)', 'EXACT_MATCH', 0.95, '');
INSERT INTO MC_CLSF_STD_REF (CLSF_ID, STD_ID, EXTERNAL_ID, EXTERNAL_NAME, MATCH_TYPE, CONFIDENCE, NOTE) VALUES ('C08030004', 'STD-GS1', 'Payment', 'GS1 Payment Infrastructure', 'RELATED_MATCH', 0.82, '');
INSERT INTO MC_CLSF_STD_REF (CLSF_ID, STD_ID, EXTERNAL_ID, EXTERNAL_NAME, MATCH_TYPE, CONFIDENCE, NOTE) VALUES ('C08040001', 'STD-KSIC', '49-52', '운수 및 창고업', 'NARROW_MATCH', 0.75, '');
INSERT INTO MC_CLSF_STD_REF (CLSF_ID, STD_ID, EXTERNAL_ID, EXTERNAL_NAME, MATCH_TYPE, CONFIDENCE, NOTE) VALUES ('C08040002', 'STD-GS1', 'LastMile', 'GS1 Last Mile Delivery', 'EXACT_MATCH', 0.95, '');
INSERT INTO MC_CLSF_STD_REF (CLSF_ID, STD_ID, EXTERNAL_ID, EXTERNAL_NAME, MATCH_TYPE, CONFIDENCE, NOTE) VALUES ('C08040003', 'STD-GS1', 'Fulfillment', 'GS1 Fulfillment Center', 'EXACT_MATCH', 0.95, '');
INSERT INTO MC_CLSF_STD_REF (CLSF_ID, STD_ID, EXTERNAL_ID, EXTERNAL_NAME, MATCH_TYPE, CONFIDENCE, NOTE) VALUES ('C08050001', 'STD-KSIC', '47', '소매업; 자동차 제외', 'RELATED_MATCH', 0.7, '');
INSERT INTO MC_CLSF_STD_REF (CLSF_ID, STD_ID, EXTERNAL_ID, EXTERNAL_NAME, MATCH_TYPE, CONFIDENCE, NOTE) VALUES ('C08050002', 'STD-SCHEMA', 'ConsumerBehavior', 'schema:ConsumerResearch', 'RELATED_MATCH', 0.82, '');
-- 문화관광
INSERT INTO MC_CLSF_STD_REF (CLSF_ID, STD_ID, EXTERNAL_ID, EXTERNAL_NAME, MATCH_TYPE, CONFIDENCE, NOTE) VALUES ('C09000001', 'STD-UNESCO', 'concept1560', 'Culture', 'BROAD_MATCH', 0.85, '');
INSERT INTO MC_CLSF_STD_REF (CLSF_ID, STD_ID, EXTERNAL_ID, EXTERNAL_NAME, MATCH_TYPE, CONFIDENCE, NOTE) VALUES ('C09000001', 'STD-DATAGOkr', '문화관광', '', 'EXACT_MATCH', 1.0, '');
INSERT INTO MC_CLSF_STD_REF (CLSF_ID, STD_ID, EXTERNAL_ID, EXTERNAL_NAME, MATCH_TYPE, CONFIDENCE, NOTE) VALUES ('C09010001', 'STD-UNESCO', 'concept1567', 'Cultural heritage', 'EXACT_MATCH', 0.95, '');
INSERT INTO MC_CLSF_STD_REF (CLSF_ID, STD_ID, EXTERNAL_ID, EXTERNAL_NAME, MATCH_TYPE, CONFIDENCE, NOTE) VALUES ('C09010002', 'STD-UNESCO', 'CULT-HERITAGE', 'Cultural Heritage', 'EXACT_MATCH', 0.95, '');
INSERT INTO MC_CLSF_STD_REF (CLSF_ID, STD_ID, EXTERNAL_ID, EXTERNAL_NAME, MATCH_TYPE, CONFIDENCE, NOTE) VALUES ('C09010003', 'STD-UNESCO', 'CULT-FACILITY', 'Cultural Facilities', 'CLOSE_MATCH', 0.9, '');
INSERT INTO MC_CLSF_STD_REF (CLSF_ID, STD_ID, EXTERNAL_ID, EXTERNAL_NAME, MATCH_TYPE, CONFIDENCE, NOTE) VALUES ('C09010004', 'STD-UNESCO', 'CULT-EVENT', 'Cultural Events', 'CLOSE_MATCH', 0.92, '');
INSERT INTO MC_CLSF_STD_REF (CLSF_ID, STD_ID, EXTERNAL_ID, EXTERNAL_NAME, MATCH_TYPE, CONFIDENCE, NOTE) VALUES ('C09020001', 'STD-UNESCO', 'concept8340', 'Tourism', 'EXACT_MATCH', 0.95, '');
INSERT INTO MC_CLSF_STD_REF (CLSF_ID, STD_ID, EXTERNAL_ID, EXTERNAL_NAME, MATCH_TYPE, CONFIDENCE, NOTE) VALUES ('C09020002', 'STD-MESH', 'D014195', 'Travel', 'EXACT_MATCH', 0.95, '');
INSERT INTO MC_CLSF_STD_REF (CLSF_ID, STD_ID, EXTERNAL_ID, EXTERNAL_NAME, MATCH_TYPE, CONFIDENCE, NOTE) VALUES ('C09020003', 'STD-MESH', 'D014195', 'Tourist Attractions', 'CLOSE_MATCH', 0.9, '');
INSERT INTO MC_CLSF_STD_REF (CLSF_ID, STD_ID, EXTERNAL_ID, EXTERNAL_NAME, MATCH_TYPE, CONFIDENCE, NOTE) VALUES ('C09020004', 'STD-MESH', 'D000068376', 'Tourism Statistics', 'CLOSE_MATCH', 0.88, '');
INSERT INTO MC_CLSF_STD_REF (CLSF_ID, STD_ID, EXTERNAL_ID, EXTERNAL_NAME, MATCH_TYPE, CONFIDENCE, NOTE) VALUES ('C09030001', 'STD-UNESCO', 'concept478', 'Arts', 'CLOSE_MATCH', 0.9, '');
INSERT INTO MC_CLSF_STD_REF (CLSF_ID, STD_ID, EXTERNAL_ID, EXTERNAL_NAME, MATCH_TYPE, CONFIDENCE, NOTE) VALUES ('C09030002', 'STD-MESH', 'D013177', 'Sports', 'EXACT_MATCH', 0.98, '');
INSERT INTO MC_CLSF_STD_REF (CLSF_ID, STD_ID, EXTERNAL_ID, EXTERNAL_NAME, MATCH_TYPE, CONFIDENCE, NOTE) VALUES ('C09030003', 'STD-MESH', 'D013178', 'Sports Facilities', 'EXACT_MATCH', 0.95, '');
INSERT INTO MC_CLSF_STD_REF (CLSF_ID, STD_ID, EXTERNAL_ID, EXTERNAL_NAME, MATCH_TYPE, CONFIDENCE, NOTE) VALUES ('C09030004', 'STD-MESH', 'D013177', 'Sports Events', 'CLOSE_MATCH', 0.92, '');
INSERT INTO MC_CLSF_STD_REF (CLSF_ID, STD_ID, EXTERNAL_ID, EXTERNAL_NAME, MATCH_TYPE, CONFIDENCE, NOTE) VALUES ('C09040001', 'STD-UNESCO', 'concept1560', 'Culture', 'NARROW_MATCH', 0.85, '');
INSERT INTO MC_CLSF_STD_REF (CLSF_ID, STD_ID, EXTERNAL_ID, EXTERNAL_NAME, MATCH_TYPE, CONFIDENCE, NOTE) VALUES ('C09050001', 'STD-UNESCO', 'concept7538', 'Sport', 'CLOSE_MATCH', 0.9, '');
INSERT INTO MC_CLSF_STD_REF (CLSF_ID, STD_ID, EXTERNAL_ID, EXTERNAL_NAME, MATCH_TYPE, CONFIDENCE, NOTE) VALUES ('C09060001', 'STD-UNESCO', 'concept5350', 'Mass media', 'CLOSE_MATCH', 0.85, '');
-- 환경기상
INSERT INTO MC_CLSF_STD_REF (CLSF_ID, STD_ID, EXTERNAL_ID, EXTERNAL_NAME, MATCH_TYPE, CONFIDENCE, NOTE) VALUES ('C10000001', 'STD-DATAGOkr', '환경기상', '', 'EXACT_MATCH', 1.0, '');
INSERT INTO MC_CLSF_STD_REF (CLSF_ID, STD_ID, EXTERNAL_ID, EXTERNAL_NAME, MATCH_TYPE, CONFIDENCE, NOTE) VALUES ('C10010001', 'STD-DATAGOkr', '환경', '', 'CLOSE_MATCH', 0.9, '');
INSERT INTO MC_CLSF_STD_REF (CLSF_ID, STD_ID, EXTERNAL_ID, EXTERNAL_NAME, MATCH_TYPE, CONFIDENCE, NOTE) VALUES ('C10010002', 'STD-MESH', 'D000397', 'Air Pollution', 'EXACT_MATCH', 0.98, '');
INSERT INTO MC_CLSF_STD_REF (CLSF_ID, STD_ID, EXTERNAL_ID, EXTERNAL_NAME, MATCH_TYPE, CONFIDENCE, NOTE) VALUES ('C10010003', 'STD-MESH', 'D014874', 'Water Pollution', 'EXACT_MATCH', 0.98, '');
INSERT INTO MC_CLSF_STD_REF (CLSF_ID, STD_ID, EXTERNAL_ID, EXTERNAL_NAME, MATCH_TYPE, CONFIDENCE, NOTE) VALUES ('C10010004', 'STD-MESH', 'D012989', 'Soil Pollution', 'EXACT_MATCH', 0.98, '');
INSERT INTO MC_CLSF_STD_REF (CLSF_ID, STD_ID, EXTERNAL_ID, EXTERNAL_NAME, MATCH_TYPE, CONFIDENCE, NOTE) VALUES ('C10020001', 'STD-DATAGOkr', '환경', '', 'NARROW_MATCH', 0.85, '');
INSERT INTO MC_CLSF_STD_REF (CLSF_ID, STD_ID, EXTERNAL_ID, EXTERNAL_NAME, MATCH_TYPE, CONFIDENCE, NOTE) VALUES ('C10020002', 'STD-MESH', 'D057231', 'Climate Change', 'EXACT_MATCH', 0.98, '');
INSERT INTO MC_CLSF_STD_REF (CLSF_ID, STD_ID, EXTERNAL_ID, EXTERNAL_NAME, MATCH_TYPE, CONFIDENCE, NOTE) VALUES ('C10020003', 'STD-MESH', 'D000073116', 'Carbon Emissions', 'CLOSE_MATCH', 0.92, '');
INSERT INTO MC_CLSF_STD_REF (CLSF_ID, STD_ID, EXTERNAL_ID, EXTERNAL_NAME, MATCH_TYPE, CONFIDENCE, NOTE) VALUES ('C10020004', 'STD-MESH', 'D000073116', 'Greenhouse Gas Emissions', 'CLOSE_MATCH', 0.92, '');
INSERT INTO MC_CLSF_STD_REF (CLSF_ID, STD_ID, EXTERNAL_ID, EXTERNAL_NAME, MATCH_TYPE, CONFIDENCE, NOTE) VALUES ('C10030001', 'STD-DATAGOkr', '기상', '', 'EXACT_MATCH', 0.95, '');
INSERT INTO MC_CLSF_STD_REF (CLSF_ID, STD_ID, EXTERNAL_ID, EXTERNAL_NAME, MATCH_TYPE, CONFIDENCE, NOTE) VALUES ('C10030002', 'STD-MESH', 'D014887', 'Weather', 'EXACT_MATCH', 0.98, '');
INSERT INTO MC_CLSF_STD_REF (CLSF_ID, STD_ID, EXTERNAL_ID, EXTERNAL_NAME, MATCH_TYPE, CONFIDENCE, NOTE) VALUES ('C10030003', 'STD-MESH', 'D057231', 'Climate Data', 'CLOSE_MATCH', 0.9, '');
INSERT INTO MC_CLSF_STD_REF (CLSF_ID, STD_ID, EXTERNAL_ID, EXTERNAL_NAME, MATCH_TYPE, CONFIDENCE, NOTE) VALUES ('C10030004', 'STD-MESH', 'D055873', 'Weather Forecasting', 'CLOSE_MATCH', 0.9, '');
INSERT INTO MC_CLSF_STD_REF (CLSF_ID, STD_ID, EXTERNAL_ID, EXTERNAL_NAME, MATCH_TYPE, CONFIDENCE, NOTE) VALUES ('C10040001', 'STD-DATAGOkr', '환경', '', 'NARROW_MATCH', 0.85, '');
INSERT INTO MC_CLSF_STD_REF (CLSF_ID, STD_ID, EXTERNAL_ID, EXTERNAL_NAME, MATCH_TYPE, CONFIDENCE, NOTE) VALUES ('C10040002', 'STD-MESH', 'D059205', 'Natural Resources', 'CLOSE_MATCH', 0.88, '');
INSERT INTO MC_CLSF_STD_REF (CLSF_ID, STD_ID, EXTERNAL_ID, EXTERNAL_NAME, MATCH_TYPE, CONFIDENCE, NOTE) VALUES ('C10040003', 'STD-MESH', 'D000072480', 'Energy Resources', 'CLOSE_MATCH', 0.9, '');
INSERT INTO MC_CLSF_STD_REF (CLSF_ID, STD_ID, EXTERNAL_ID, EXTERNAL_NAME, MATCH_TYPE, CONFIDENCE, NOTE) VALUES ('C10040004', 'STD-MESH', 'D014867', 'Water Resources', 'EXACT_MATCH', 0.95, '');
INSERT INTO MC_CLSF_STD_REF (CLSF_ID, STD_ID, EXTERNAL_ID, EXTERNAL_NAME, MATCH_TYPE, CONFIDENCE, NOTE) VALUES ('C10050001', 'STD-DATAGOkr', '환경', '', 'NARROW_MATCH', 0.85, '');
INSERT INTO MC_CLSF_STD_REF (CLSF_ID, STD_ID, EXTERNAL_ID, EXTERNAL_NAME, MATCH_TYPE, CONFIDENCE, NOTE) VALUES ('C10060001', 'STD-DATAGOkr', '환경', '', 'NARROW_MATCH', 0.85, '');
-- 과학기술
INSERT INTO MC_CLSF_STD_REF (CLSF_ID, STD_ID, EXTERNAL_ID, EXTERNAL_NAME, MATCH_TYPE, CONFIDENCE, NOTE) VALUES ('C11000001', 'STD-OECD-FOS', '1-6', 'All Fields of Science', 'BROAD_MATCH', 0.85, '');
INSERT INTO MC_CLSF_STD_REF (CLSF_ID, STD_ID, EXTERNAL_ID, EXTERNAL_NAME, MATCH_TYPE, CONFIDENCE, NOTE) VALUES ('C11000001', 'STD-DATAGOkr', '과학기술', '', 'EXACT_MATCH', 1.0, '');
INSERT INTO MC_CLSF_STD_REF (CLSF_ID, STD_ID, EXTERNAL_ID, EXTERNAL_NAME, MATCH_TYPE, CONFIDENCE, NOTE) VALUES ('C11010001', 'STD-OECD-FOS', '1-6', 'Research and Development', 'RELATED_MATCH', 0.7, '');
INSERT INTO MC_CLSF_STD_REF (CLSF_ID, STD_ID, EXTERNAL_ID, EXTERNAL_NAME, MATCH_TYPE, CONFIDENCE, NOTE) VALUES ('C11010002', 'STD-OECD-FOS', '6.0', 'Natural Sciences (National R&D)', 'RELATED_MATCH', 0.8, '');
INSERT INTO MC_CLSF_STD_REF (CLSF_ID, STD_ID, EXTERNAL_ID, EXTERNAL_NAME, MATCH_TYPE, CONFIDENCE, NOTE) VALUES ('C11010003', 'STD-OECD-FOS', '2.0', 'Engineering and Technology (Corporate R&D)', 'RELATED_MATCH', 0.8, '');
INSERT INTO MC_CLSF_STD_REF (CLSF_ID, STD_ID, EXTERNAL_ID, EXTERNAL_NAME, MATCH_TYPE, CONFIDENCE, NOTE) VALUES ('C11010004', 'STD-OECD-FOS', 'FOS', 'Research Outcomes', 'RELATED_MATCH', 0.78, '');
INSERT INTO MC_CLSF_STD_REF (CLSF_ID, STD_ID, EXTERNAL_ID, EXTERNAL_NAME, MATCH_TYPE, CONFIDENCE, NOTE) VALUES ('C11020001', 'STD-OECD-FOS', '1', 'Natural sciences', 'EXACT_MATCH', 0.95, '');
INSERT INTO MC_CLSF_STD_REF (CLSF_ID, STD_ID, EXTERNAL_ID, EXTERNAL_NAME, MATCH_TYPE, CONFIDENCE, NOTE) VALUES ('C11020002', 'STD-ARXIV', 'math', 'Mathematics (math.*)', 'EXACT_MATCH', 0.95, '');
INSERT INTO MC_CLSF_STD_REF (CLSF_ID, STD_ID, EXTERNAL_ID, EXTERNAL_NAME, MATCH_TYPE, CONFIDENCE, NOTE) VALUES ('C11020002', 'STD-OECD-FOS', '1.1', 'Mathematics', 'EXACT_MATCH', 0.95, '');
INSERT INTO MC_CLSF_STD_REF (CLSF_ID, STD_ID, EXTERNAL_ID, EXTERNAL_NAME, MATCH_TYPE, CONFIDENCE, NOTE) VALUES ('C11020003', 'STD-ARXIV', 'physics', 'Physics (physics.*)', 'EXACT_MATCH', 0.98, '');
INSERT INTO MC_CLSF_STD_REF (CLSF_ID, STD_ID, EXTERNAL_ID, EXTERNAL_NAME, MATCH_TYPE, CONFIDENCE, NOTE) VALUES ('C11020003', 'STD-OECD-FOS', '1.3', 'Physical Sciences', 'EXACT_MATCH', 0.95, '');
INSERT INTO MC_CLSF_STD_REF (CLSF_ID, STD_ID, EXTERNAL_ID, EXTERNAL_NAME, MATCH_TYPE, CONFIDENCE, NOTE) VALUES ('C11020004', 'STD-ARXIV', 'chem/bio', 'Chemistry/Biology', 'CLOSE_MATCH', 0.9, '');
INSERT INTO MC_CLSF_STD_REF (CLSF_ID, STD_ID, EXTERNAL_ID, EXTERNAL_NAME, MATCH_TYPE, CONFIDENCE, NOTE) VALUES ('C11020004', 'STD-OECD-FOS', '1.4', 'Chemical Sciences', 'CLOSE_MATCH', 0.88, '');
INSERT INTO MC_CLSF_STD_REF (CLSF_ID, STD_ID, EXTERNAL_ID, EXTERNAL_NAME, MATCH_TYPE, CONFIDENCE, NOTE) VALUES ('C11030001', 'STD-OECD-FOS', '2', 'Engineering and technology', 'EXACT_MATCH', 0.95, '');
INSERT INTO MC_CLSF_STD_REF (CLSF_ID, STD_ID, EXTERNAL_ID, EXTERNAL_NAME, MATCH_TYPE, CONFIDENCE, NOTE) VALUES ('C11030002', 'STD-ARXIV', 'eess', 'Electrical Engineering and Systems Science', 'EXACT_MATCH', 0.95, '');
INSERT INTO MC_CLSF_STD_REF (CLSF_ID, STD_ID, EXTERNAL_ID, EXTERNAL_NAME, MATCH_TYPE, CONFIDENCE, NOTE) VALUES ('C11030002', 'STD-OECD-FOS', '2.2', 'Electrical/Electronic Engineering', 'EXACT_MATCH', 0.95, '');
INSERT INTO MC_CLSF_STD_REF (CLSF_ID, STD_ID, EXTERNAL_ID, EXTERNAL_NAME, MATCH_TYPE, CONFIDENCE, NOTE) VALUES ('C11030003', 'STD-OECD-FOS', '2.3', 'Mechanical Engineering', 'EXACT_MATCH', 0.98, '');
INSERT INTO MC_CLSF_STD_REF (CLSF_ID, STD_ID, EXTERNAL_ID, EXTERNAL_NAME, MATCH_TYPE, CONFIDENCE, NOTE) VALUES ('C11030004', 'STD-OECD-FOS', '2.1', 'Civil Engineering', 'EXACT_MATCH', 0.95, '');
INSERT INTO MC_CLSF_STD_REF (CLSF_ID, STD_ID, EXTERNAL_ID, EXTERNAL_NAME, MATCH_TYPE, CONFIDENCE, NOTE) VALUES ('C11030005', 'STD-OECD-FOS', '2.5', 'Materials Engineering', 'EXACT_MATCH', 0.98, '');
INSERT INTO MC_CLSF_STD_REF (CLSF_ID, STD_ID, EXTERNAL_ID, EXTERNAL_NAME, MATCH_TYPE, CONFIDENCE, NOTE) VALUES ('C11040001', 'STD-OECD-FOS', '1.2', 'Computer and information sciences', 'EXACT_MATCH', 0.95, '');
INSERT INTO MC_CLSF_STD_REF (CLSF_ID, STD_ID, EXTERNAL_ID, EXTERNAL_NAME, MATCH_TYPE, CONFIDENCE, NOTE) VALUES ('C11040002', 'STD-ACMCCS', 'Software', 'ACM CCS Software and its engineering', 'EXACT_MATCH', 0.98, '');
INSERT INTO MC_CLSF_STD_REF (CLSF_ID, STD_ID, EXTERNAL_ID, EXTERNAL_NAME, MATCH_TYPE, CONFIDENCE, NOTE) VALUES ('C11040002', 'STD-ARXIV', 'cs.SE', 'Software Engineering', 'EXACT_MATCH', 0.95, '');
INSERT INTO MC_CLSF_STD_REF (CLSF_ID, STD_ID, EXTERNAL_ID, EXTERNAL_NAME, MATCH_TYPE, CONFIDENCE, NOTE) VALUES ('C11040003', 'STD-ACMCCS', 'AI', 'ACM CCS Artificial intelligence', 'EXACT_MATCH', 0.98, '');
INSERT INTO MC_CLSF_STD_REF (CLSF_ID, STD_ID, EXTERNAL_ID, EXTERNAL_NAME, MATCH_TYPE, CONFIDENCE, NOTE) VALUES ('C11040003', 'STD-ARXIV', 'cs.AI', 'Artificial Intelligence', 'EXACT_MATCH', 0.98, '');
INSERT INTO MC_CLSF_STD_REF (CLSF_ID, STD_ID, EXTERNAL_ID, EXTERNAL_NAME, MATCH_TYPE, CONFIDENCE, NOTE) VALUES ('C11040004', 'STD-ACMCCS', 'Data', 'ACM CCS Information systems → Data management', 'CLOSE_MATCH', 0.9, '');
INSERT INTO MC_CLSF_STD_REF (CLSF_ID, STD_ID, EXTERNAL_ID, EXTERNAL_NAME, MATCH_TYPE, CONFIDENCE, NOTE) VALUES ('C11040005', 'STD-ACMCCS', 'Security', 'ACM CCS Security and privacy', 'EXACT_MATCH', 0.98, '');
INSERT INTO MC_CLSF_STD_REF (CLSF_ID, STD_ID, EXTERNAL_ID, EXTERNAL_NAME, MATCH_TYPE, CONFIDENCE, NOTE) VALUES ('C11040005', 'STD-ARXIV', 'cs.CR', 'Cryptography and Security', 'EXACT_MATCH', 0.95, '');
INSERT INTO MC_CLSF_STD_REF (CLSF_ID, STD_ID, EXTERNAL_ID, EXTERNAL_NAME, MATCH_TYPE, CONFIDENCE, NOTE) VALUES ('C11050001', 'STD-OECD-FOS', '2', 'Engineering and technology', 'NARROW_MATCH', 0.9, '');
INSERT INTO MC_CLSF_STD_REF (CLSF_ID, STD_ID, EXTERNAL_ID, EXTERNAL_NAME, MATCH_TYPE, CONFIDENCE, NOTE) VALUES ('C11050002', 'STD-OECD-FOS', 'Innovation', 'OECD Innovation Indicators', 'RELATED_MATCH', 0.85, '');
INSERT INTO MC_CLSF_STD_REF (CLSF_ID, STD_ID, EXTERNAL_ID, EXTERNAL_NAME, MATCH_TYPE, CONFIDENCE, NOTE) VALUES ('C11060001', 'STD-OECD-FOS', '2.10', 'Nano-technology', 'NARROW_MATCH', 0.85, '');
INSERT INTO MC_CLSF_STD_REF (CLSF_ID, STD_ID, EXTERNAL_ID, EXTERNAL_NAME, MATCH_TYPE, CONFIDENCE, NOTE) VALUES ('C11060002', 'STD-ARXIV', 'astro-ph', 'Astrophysics (Space Science)', 'RELATED_MATCH', 0.85, '');
INSERT INTO MC_CLSF_STD_REF (CLSF_ID, STD_ID, EXTERNAL_ID, EXTERNAL_NAME, MATCH_TYPE, CONFIDENCE, NOTE) VALUES ('C11060003', 'STD-OECD-FOS', '2.10', 'Aerospace Engineering', 'EXACT_MATCH', 0.95, '');
-- 재난안전
INSERT INTO MC_CLSF_STD_REF (CLSF_ID, STD_ID, EXTERNAL_ID, EXTERNAL_NAME, MATCH_TYPE, CONFIDENCE, NOTE) VALUES ('C12000001', 'STD-DATAGOkr', '재난안전', '', 'EXACT_MATCH', 1.0, '');
INSERT INTO MC_CLSF_STD_REF (CLSF_ID, STD_ID, EXTERNAL_ID, EXTERNAL_NAME, MATCH_TYPE, CONFIDENCE, NOTE) VALUES ('C12010001', 'STD-DATAGOkr', '재난안전', '', 'NARROW_MATCH', 0.9, '');
INSERT INTO MC_CLSF_STD_REF (CLSF_ID, STD_ID, EXTERNAL_ID, EXTERNAL_NAME, MATCH_TYPE, CONFIDENCE, NOTE) VALUES ('C12010002', 'STD-MESH', 'D004190', 'Disaster Planning', 'CLOSE_MATCH', 0.9, '');
INSERT INTO MC_CLSF_STD_REF (CLSF_ID, STD_ID, EXTERNAL_ID, EXTERNAL_NAME, MATCH_TYPE, CONFIDENCE, NOTE) VALUES ('C12010003', 'STD-MESH', 'D054071', 'Emergency Management', 'CLOSE_MATCH', 0.92, '');
INSERT INTO MC_CLSF_STD_REF (CLSF_ID, STD_ID, EXTERNAL_ID, EXTERNAL_NAME, MATCH_TYPE, CONFIDENCE, NOTE) VALUES ('C12010004', 'STD-MESH', 'D004632', 'Emergency Medical Services', 'CLOSE_MATCH', 0.9, '');
INSERT INTO MC_CLSF_STD_REF (CLSF_ID, STD_ID, EXTERNAL_ID, EXTERNAL_NAME, MATCH_TYPE, CONFIDENCE, NOTE) VALUES ('C12020001', 'STD-DATAGOkr', '재난안전', '', 'NARROW_MATCH', 0.9, '');
INSERT INTO MC_CLSF_STD_REF (CLSF_ID, STD_ID, EXTERNAL_ID, EXTERNAL_NAME, MATCH_TYPE, CONFIDENCE, NOTE) VALUES ('C12020002', 'STD-MESH', 'D005390', 'Fires', 'EXACT_MATCH', 0.95, '');
INSERT INTO MC_CLSF_STD_REF (CLSF_ID, STD_ID, EXTERNAL_ID, EXTERNAL_NAME, MATCH_TYPE, CONFIDENCE, NOTE) VALUES ('C12020003', 'STD-MESH', 'D000081874', 'Fire Safety', 'CLOSE_MATCH', 0.92, '');
INSERT INTO MC_CLSF_STD_REF (CLSF_ID, STD_ID, EXTERNAL_ID, EXTERNAL_NAME, MATCH_TYPE, CONFIDENCE, NOTE) VALUES ('C12020004', 'STD-MESH', 'D005390', 'Fire Prevention', 'CLOSE_MATCH', 0.9, '');
INSERT INTO MC_CLSF_STD_REF (CLSF_ID, STD_ID, EXTERNAL_ID, EXTERNAL_NAME, MATCH_TYPE, CONFIDENCE, NOTE) VALUES ('C12030001', 'STD-DATAGOkr', '재난안전', '', 'NARROW_MATCH', 0.9, '');
INSERT INTO MC_CLSF_STD_REF (CLSF_ID, STD_ID, EXTERNAL_ID, EXTERNAL_NAME, MATCH_TYPE, CONFIDENCE, NOTE) VALUES ('C12030002', 'STD-MESH', 'D004190', 'Natural Disasters', 'CLOSE_MATCH', 0.92, '');
INSERT INTO MC_CLSF_STD_REF (CLSF_ID, STD_ID, EXTERNAL_ID, EXTERNAL_NAME, MATCH_TYPE, CONFIDENCE, NOTE) VALUES ('C12030003', 'STD-MESH', 'D055867', 'Earthquakes', 'EXACT_MATCH', 0.98, '');
INSERT INTO MC_CLSF_STD_REF (CLSF_ID, STD_ID, EXTERNAL_ID, EXTERNAL_NAME, MATCH_TYPE, CONFIDENCE, NOTE) VALUES ('C12030004', 'STD-MESH', 'D055868', 'Floods', 'EXACT_MATCH', 0.98, '');
INSERT INTO MC_CLSF_STD_REF (CLSF_ID, STD_ID, EXTERNAL_ID, EXTERNAL_NAME, MATCH_TYPE, CONFIDENCE, NOTE) VALUES ('C12040001', 'STD-DATAGOkr', '재난안전', '', 'NARROW_MATCH', 0.9, '');
INSERT INTO MC_CLSF_STD_REF (CLSF_ID, STD_ID, EXTERNAL_ID, EXTERNAL_NAME, MATCH_TYPE, CONFIDENCE, NOTE) VALUES ('C12050001', 'STD-DATAGOkr', '재난안전', '', 'NARROW_MATCH', 0.9, '');
-- 데이터 거버넌스
INSERT INTO MC_CLSF_STD_REF (CLSF_ID, STD_ID, EXTERNAL_ID, EXTERNAL_NAME, MATCH_TYPE, CONFIDENCE, NOTE) VALUES ('C13000001', 'STD-DC', 'DCMI', 'Dublin Core Metadata Initiative', 'BROAD_MATCH', 0.8, '메타데이터 표준 전반');
INSERT INTO MC_CLSF_STD_REF (CLSF_ID, STD_ID, EXTERNAL_ID, EXTERNAL_NAME, MATCH_TYPE, CONFIDENCE, NOTE) VALUES ('C13010001', 'STD-DC', 'DC-TERMS', 'Dublin Core Metadata Terms', 'EXACT_MATCH', 0.95, '15개 핵심 메타데이터 요소');
INSERT INTO MC_CLSF_STD_REF (CLSF_ID, STD_ID, EXTERNAL_ID, EXTERNAL_NAME, MATCH_TYPE, CONFIDENCE, NOTE) VALUES ('C13010001', 'STD-KS-ISO11179', 'ISO11179', 'Metadata Registry', 'EXACT_MATCH', 0.95, '메타데이터 레지스트리 표준');
INSERT INTO MC_CLSF_STD_REF (CLSF_ID, STD_ID, EXTERNAL_ID, EXTERNAL_NAME, MATCH_TYPE, CONFIDENCE, NOTE) VALUES ('C13010002', 'STD-DC', 'DC-ELEMENTS', 'Dublin Core Elements', 'EXACT_MATCH', 0.95, '');
INSERT INTO MC_CLSF_STD_REF (CLSF_ID, STD_ID, EXTERNAL_ID, EXTERNAL_NAME, MATCH_TYPE, CONFIDENCE, NOTE) VALUES ('C13010003', 'STD-KS-ISO11179', 'ISO11179-3', 'Registry metamodel and basic attributes', 'EXACT_MATCH', 0.9, '');
INSERT INTO MC_CLSF_STD_REF (CLSF_ID, STD_ID, EXTERNAL_ID, EXTERNAL_NAME, MATCH_TYPE, CONFIDENCE, NOTE) VALUES ('C13010004', 'STD-DCAT-AP-KR', 'DCAT', 'Data Catalog Vocabulary', 'EXACT_MATCH', 0.95, 'W3C DCAT 기반 한국형 프로파일');
INSERT INTO MC_CLSF_STD_REF (CLSF_ID, STD_ID, EXTERNAL_ID, EXTERNAL_NAME, MATCH_TYPE, CONFIDENCE, NOTE) VALUES ('C13020001', 'STD-DATAQUALITY', 'MOIS-DQ', '공공데이터 품질관리 수준평가', 'EXACT_MATCH', 0.95, '공공데이터법 제22조');
INSERT INTO MC_CLSF_STD_REF (CLSF_ID, STD_ID, EXTERNAL_ID, EXTERNAL_NAME, MATCH_TYPE, CONFIDENCE, NOTE) VALUES ('C13020002', 'STD-DATAQUALITY', 'DQ-DIMENSIONS', 'Data Quality Dimensions', 'EXACT_MATCH', 0.9, '');
INSERT INTO MC_CLSF_STD_REF (CLSF_ID, STD_ID, EXTERNAL_ID, EXTERNAL_NAME, MATCH_TYPE, CONFIDENCE, NOTE) VALUES ('C13020003', 'STD-DATAQUALITY', 'DQ-ASSESSMENT', 'Data Quality Assessment', 'EXACT_MATCH', 0.9, '');
INSERT INTO MC_CLSF_STD_REF (CLSF_ID, STD_ID, EXTERNAL_ID, EXTERNAL_NAME, MATCH_TYPE, CONFIDENCE, NOTE) VALUES ('C13030001', 'STD-STDTERM', 'STDTERM', '공공데이터 공통표준용어', 'EXACT_MATCH', 0.95, '9,027개 표준용어, 2,396개 표준단어');
INSERT INTO MC_CLSF_STD_REF (CLSF_ID, STD_ID, EXTERNAL_ID, EXTERNAL_NAME, MATCH_TYPE, CONFIDENCE, NOTE) VALUES ('C13030001', 'STD-DBSTD', 'MOIS-DBSTD', 'DB 표준화 지침', 'EXACT_MATCH', 0.95, '');
INSERT INTO MC_CLSF_STD_REF (CLSF_ID, STD_ID, EXTERNAL_ID, EXTERNAL_NAME, MATCH_TYPE, CONFIDENCE, NOTE) VALUES ('C13030002', 'STD-STDTERM', 'STDTERM-TERM', '공통표준용어', 'EXACT_MATCH', 0.95, '');
INSERT INTO MC_CLSF_STD_REF (CLSF_ID, STD_ID, EXTERNAL_ID, EXTERNAL_NAME, MATCH_TYPE, CONFIDENCE, NOTE) VALUES ('C13030003', 'STD-ADMCODE', 'ADMCODE', '행정표준코드', 'RELATED_MATCH', 0.85, '');
INSERT INTO MC_CLSF_STD_REF (CLSF_ID, STD_ID, EXTERNAL_ID, EXTERNAL_NAME, MATCH_TYPE, CONFIDENCE, NOTE) VALUES ('C13030004', 'STD-DBSTD', 'DBSTD-DESIGN', '데이터베이스 설계 표준', 'EXACT_MATCH', 0.9, '38개 메타데이터 관리항목');
INSERT INTO MC_CLSF_STD_REF (CLSF_ID, STD_ID, EXTERNAL_ID, EXTERNAL_NAME, MATCH_TYPE, CONFIDENCE, NOTE) VALUES ('C13040001', 'STD-DCAT-AP-KR', 'DCAT-AP-KR', 'DCAT Application Profile for Korea', 'EXACT_MATCH', 0.95, '');
INSERT INTO MC_CLSF_STD_REF (CLSF_ID, STD_ID, EXTERNAL_ID, EXTERNAL_NAME, MATCH_TYPE, CONFIDENCE, NOTE) VALUES ('C13040001', 'STD-DATAGOkr', 'DATA-GO-KR', '공공데이터포털', 'EXACT_MATCH', 0.9, '');
INSERT INTO MC_CLSF_STD_REF (CLSF_ID, STD_ID, EXTERNAL_ID, EXTERNAL_NAME, MATCH_TYPE, CONFIDENCE, NOTE) VALUES ('C13040003', 'STD-DCAT-AP-KR', 'DCAT-DATASET', 'Dataset Class', 'EXACT_MATCH', 0.95, '');
-- 학술연구
INSERT INTO MC_CLSF_STD_REF (CLSF_ID, STD_ID, EXTERNAL_ID, EXTERNAL_NAME, MATCH_TYPE, CONFIDENCE, NOTE) VALUES ('C14000001', 'STD-OECD-FOS', 'FOS', 'Fields of Science', 'BROAD_MATCH', 0.85, '6개 대분류, 42개 소분류 학문체계');
INSERT INTO MC_CLSF_STD_REF (CLSF_ID, STD_ID, EXTERNAL_ID, EXTERNAL_NAME, MATCH_TYPE, CONFIDENCE, NOTE) VALUES ('C14010001', 'STD-OECD-FOS', 'R&D', 'R&D Classification', 'RELATED_MATCH', 0.85, '');
INSERT INTO MC_CLSF_STD_REF (CLSF_ID, STD_ID, EXTERNAL_ID, EXTERNAL_NAME, MATCH_TYPE, CONFIDENCE, NOTE) VALUES ('C14020001', 'STD-ARXIV', 'ARXIV', 'arXiv Preprint Repository', 'RELATED_MATCH', 0.85, '과학 논문 아카이브');
INSERT INTO MC_CLSF_STD_REF (CLSF_ID, STD_ID, EXTERNAL_ID, EXTERNAL_NAME, MATCH_TYPE, CONFIDENCE, NOTE) VALUES ('C14020002', 'STD-ARXIV', 'ARXIV-PAPER', 'arXiv Papers', 'CLOSE_MATCH', 0.85, '');
INSERT INTO MC_CLSF_STD_REF (CLSF_ID, STD_ID, EXTERNAL_ID, EXTERNAL_NAME, MATCH_TYPE, CONFIDENCE, NOTE) VALUES ('C14030001', 'STD-OECD-FOS', 'FOS-CLASSIFICATION', 'Fields of Science Classification', 'EXACT_MATCH', 0.95, '');
INSERT INTO MC_CLSF_STD_REF (CLSF_ID, STD_ID, EXTERNAL_ID, EXTERNAL_NAME, MATCH_TYPE, CONFIDENCE, NOTE) VALUES ('C14030002', 'STD-OECD-FOS', '1', 'Natural sciences', 'EXACT_MATCH', 0.95, '');
INSERT INTO MC_CLSF_STD_REF (CLSF_ID, STD_ID, EXTERNAL_ID, EXTERNAL_NAME, MATCH_TYPE, CONFIDENCE, NOTE) VALUES ('C14030002', 'STD-ARXIV', 'math,physics,q-bio', 'Mathematics, Physics, Biology', 'BROAD_MATCH', 0.85, '');
INSERT INTO MC_CLSF_STD_REF (CLSF_ID, STD_ID, EXTERNAL_ID, EXTERNAL_NAME, MATCH_TYPE, CONFIDENCE, NOTE) VALUES ('C14030003', 'STD-OECD-FOS', '2', 'Engineering and technology', 'EXACT_MATCH', 0.95, '');
INSERT INTO MC_CLSF_STD_REF (CLSF_ID, STD_ID, EXTERNAL_ID, EXTERNAL_NAME, MATCH_TYPE, CONFIDENCE, NOTE) VALUES ('C14030003', 'STD-ARXIV', 'cs', 'Computer Science', 'NARROW_MATCH', 0.9, '');
INSERT INTO MC_CLSF_STD_REF (CLSF_ID, STD_ID, EXTERNAL_ID, EXTERNAL_NAME, MATCH_TYPE, CONFIDENCE, NOTE) VALUES ('C14030003', 'STD-ACMCCS', '10003', 'Computer systems organization', 'NARROW_MATCH', 0.85, '');
INSERT INTO MC_CLSF_STD_REF (CLSF_ID, STD_ID, EXTERNAL_ID, EXTERNAL_NAME, MATCH_TYPE, CONFIDENCE, NOTE) VALUES ('C14030004', 'STD-OECD-FOS', '3', 'Medical and health sciences', 'EXACT_MATCH', 0.95, '');
INSERT INTO MC_CLSF_STD_REF (CLSF_ID, STD_ID, EXTERNAL_ID, EXTERNAL_NAME, MATCH_TYPE, CONFIDENCE, NOTE) VALUES ('C14030005', 'STD-OECD-FOS', '4', 'Agricultural and veterinary sciences', 'EXACT_MATCH', 0.95, '');
INSERT INTO MC_CLSF_STD_REF (CLSF_ID, STD_ID, EXTERNAL_ID, EXTERNAL_NAME, MATCH_TYPE, CONFIDENCE, NOTE) VALUES ('C14030006', 'STD-OECD-FOS', '5', 'Social sciences', 'EXACT_MATCH', 0.95, '');
INSERT INTO MC_CLSF_STD_REF (CLSF_ID, STD_ID, EXTERNAL_ID, EXTERNAL_NAME, MATCH_TYPE, CONFIDENCE, NOTE) VALUES ('C14030006', 'STD-OECD-FOS', '6', 'Humanities and the arts', 'EXACT_MATCH', 0.95, '');
INSERT INTO MC_CLSF_STD_REF (CLSF_ID, STD_ID, EXTERNAL_ID, EXTERNAL_NAME, MATCH_TYPE, CONFIDENCE, NOTE) VALUES ('C14030006', 'STD-UNESCO', 'UNESCO-SOCIAL', 'Social and Human Sciences', 'BROAD_MATCH', 0.8, '');
INSERT INTO MC_CLSF_STD_REF (CLSF_ID, STD_ID, EXTERNAL_ID, EXTERNAL_NAME, MATCH_TYPE, CONFIDENCE, NOTE) VALUES ('C14030007', 'STD-ARXIV', 'cs', 'Computer Science', 'EXACT_MATCH', 0.95, 'cs.AI, cs.SE, cs.NE 등 40개 서브카테고리');
INSERT INTO MC_CLSF_STD_REF (CLSF_ID, STD_ID, EXTERNAL_ID, EXTERNAL_NAME, MATCH_TYPE, CONFIDENCE, NOTE) VALUES ('C14030007', 'STD-ACMCCS', '10011007', 'Software and its engineering', 'NARROW_MATCH', 0.85, '2,000+ 개념');

-- 용어 표준 레퍼런스 (MC_TERM_STD_REF)
-- 공공행정
INSERT INTO MC_TERM_STD_REF (TERM_ID, STD_ID, EXTERNAL_ID, EXTERNAL_NAME, MATCH_TYPE, CONFIDENCE, NOTE) VALUES ('T01010001', 'STD-KOOR', 'koor:PublicInstitution', 'Public Institution', 'EXACT_MATCH', 0.95, '');
INSERT INTO MC_TERM_STD_REF (TERM_ID, STD_ID, EXTERNAL_ID, EXTERNAL_NAME, MATCH_TYPE, CONFIDENCE, NOTE) VALUES ('T01010001', 'STD-BRM', '정부자원관리', '', 'RELATED_MATCH', 0.8, '');
INSERT INTO MC_TERM_STD_REF (TERM_ID, STD_ID, EXTERNAL_ID, EXTERNAL_NAME, MATCH_TYPE, CONFIDENCE, NOTE) VALUES ('T01010002', 'STD-KOOR', 'koor:Organization', 'Organization', 'CLOSE_MATCH', 0.85, '');
INSERT INTO MC_TERM_STD_REF (TERM_ID, STD_ID, EXTERNAL_ID, EXTERNAL_NAME, MATCH_TYPE, CONFIDENCE, NOTE) VALUES ('T01020001', 'STD-ADMCODE', '법정동코드', '', 'RELATED_MATCH', 0.9, '');
INSERT INTO MC_TERM_STD_REF (TERM_ID, STD_ID, EXTERNAL_ID, EXTERNAL_NAME, MATCH_TYPE, CONFIDENCE, NOTE) VALUES ('T01020002', 'STD-BRM', '지방행정·재정지원', '', 'RELATED_MATCH', 0.85, '');
INSERT INTO MC_TERM_STD_REF (TERM_ID, STD_ID, EXTERNAL_ID, EXTERNAL_NAME, MATCH_TYPE, CONFIDENCE, NOTE) VALUES ('T01020002', 'STD-ADMCODE', '행정동코드', '', 'RELATED_MATCH', 0.8, '');
INSERT INTO MC_TERM_STD_REF (TERM_ID, STD_ID, EXTERNAL_ID, EXTERNAL_NAME, MATCH_TYPE, CONFIDENCE, NOTE) VALUES ('T01020003', 'STD-ADMCODE', '법정동코드', '', 'RELATED_MATCH', 0.9, '');
INSERT INTO MC_TERM_STD_REF (TERM_ID, STD_ID, EXTERNAL_ID, EXTERNAL_NAME, MATCH_TYPE, CONFIDENCE, NOTE) VALUES ('T01020004', 'STD-BRM', '지방행정·재정지원', '', 'NARROW_MATCH', 0.8, '');
INSERT INTO MC_TERM_STD_REF (TERM_ID, STD_ID, EXTERNAL_ID, EXTERNAL_NAME, MATCH_TYPE, CONFIDENCE, NOTE) VALUES ('T01030001', 'STD-DCAT-AP-KR', 'dcat:Dataset', 'Dataset', 'EXACT_MATCH', 0.95, '');
INSERT INTO MC_TERM_STD_REF (TERM_ID, STD_ID, EXTERNAL_ID, EXTERNAL_NAME, MATCH_TYPE, CONFIDENCE, NOTE) VALUES ('T01030001', 'STD-STDTERM', '데이터', '', 'BROAD_MATCH', 0.85, '');
INSERT INTO MC_TERM_STD_REF (TERM_ID, STD_ID, EXTERNAL_ID, EXTERNAL_NAME, MATCH_TYPE, CONFIDENCE, NOTE) VALUES ('T01030002', 'STD-DBSTD', '정보시스템', '', 'EXACT_MATCH', 0.9, '');
INSERT INTO MC_TERM_STD_REF (TERM_ID, STD_ID, EXTERNAL_ID, EXTERNAL_NAME, MATCH_TYPE, CONFIDENCE, NOTE) VALUES ('T01040001', 'STD-BRM', '정책분야', '', 'BROAD_MATCH', 0.85, '');
INSERT INTO MC_TERM_STD_REF (TERM_ID, STD_ID, EXTERNAL_ID, EXTERNAL_NAME, MATCH_TYPE, CONFIDENCE, NOTE) VALUES ('T01010005', 'STD-STDTERM', '기관명', '명V200', 'EXACT_MATCH', 1.0, '');
INSERT INTO MC_TERM_STD_REF (TERM_ID, STD_ID, EXTERNAL_ID, EXTERNAL_NAME, MATCH_TYPE, CONFIDENCE, NOTE) VALUES ('T01010006', 'STD-STDTERM', '민원명', '명V100', 'EXACT_MATCH', 1.0, '');
INSERT INTO MC_TERM_STD_REF (TERM_ID, STD_ID, EXTERNAL_ID, EXTERNAL_NAME, MATCH_TYPE, CONFIDENCE, NOTE) VALUES ('T01010007', 'STD-STDTERM', '부서명', '명V200', 'EXACT_MATCH', 1.0, '');
INSERT INTO MC_TERM_STD_REF (TERM_ID, STD_ID, EXTERNAL_ID, EXTERNAL_NAME, MATCH_TYPE, CONFIDENCE, NOTE) VALUES ('T01010008', 'STD-STDTERM', '조직명', '명V200', 'EXACT_MATCH', 1.0, '');
INSERT INTO MC_TERM_STD_REF (TERM_ID, STD_ID, EXTERNAL_ID, EXTERNAL_NAME, MATCH_TYPE, CONFIDENCE, NOTE) VALUES ('T01010009', 'STD-STDTERM', '기관코드', '코드C7', 'EXACT_MATCH', 1.0, '');
INSERT INTO MC_TERM_STD_REF (TERM_ID, STD_ID, EXTERNAL_ID, EXTERNAL_NAME, MATCH_TYPE, CONFIDENCE, NOTE) VALUES ('T01010010', 'STD-STDTERM', '민원인명', '명V100', 'EXACT_MATCH', 1.0, '');
INSERT INTO MC_TERM_STD_REF (TERM_ID, STD_ID, EXTERNAL_ID, EXTERNAL_NAME, MATCH_TYPE, CONFIDENCE, NOTE) VALUES ('T01010011', 'STD-STDTERM', '조직도명', '명V200', 'EXACT_MATCH', 1.0, '');
INSERT INTO MC_TERM_STD_REF (TERM_ID, STD_ID, EXTERNAL_ID, EXTERNAL_NAME, MATCH_TYPE, CONFIDENCE, NOTE) VALUES ('T01010012', 'STD-STDTERM', '조직설명', '내용V4000', 'EXACT_MATCH', 1.0, '');
INSERT INTO MC_TERM_STD_REF (TERM_ID, STD_ID, EXTERNAL_ID, EXTERNAL_NAME, MATCH_TYPE, CONFIDENCE, NOTE) VALUES ('T01010013', 'STD-STDTERM', '감사기관명', '명V200', 'EXACT_MATCH', 1.0, '');
INSERT INTO MC_TERM_STD_REF (TERM_ID, STD_ID, EXTERNAL_ID, EXTERNAL_NAME, MATCH_TYPE, CONFIDENCE, NOTE) VALUES ('T01010014', 'STD-STDTERM', '감정기관명', '명V200', 'EXACT_MATCH', 1.0, '');
INSERT INTO MC_TERM_STD_REF (TERM_ID, STD_ID, EXTERNAL_ID, EXTERNAL_NAME, MATCH_TYPE, CONFIDENCE, NOTE) VALUES ('T01010015', 'STD-STDTERM', '검사기관명', '명V200', 'EXACT_MATCH', 1.0, '');
INSERT INTO MC_TERM_STD_REF (TERM_ID, STD_ID, EXTERNAL_ID, EXTERNAL_NAME, MATCH_TYPE, CONFIDENCE, NOTE) VALUES ('T01010016', 'STD-STDTERM', '검사부서명', '명V200', 'EXACT_MATCH', 1.0, '');
INSERT INTO MC_TERM_STD_REF (TERM_ID, STD_ID, EXTERNAL_ID, EXTERNAL_NAME, MATCH_TYPE, CONFIDENCE, NOTE) VALUES ('T01010017', 'STD-STDTERM', '검토부서명', '명V200', 'EXACT_MATCH', 1.0, '');
INSERT INTO MC_TERM_STD_REF (TERM_ID, STD_ID, EXTERNAL_ID, EXTERNAL_NAME, MATCH_TYPE, CONFIDENCE, NOTE) VALUES ('T01010018', 'STD-STDTERM', '결재부서명', '명V200', 'EXACT_MATCH', 1.0, '');
INSERT INTO MC_TERM_STD_REF (TERM_ID, STD_ID, EXTERNAL_ID, EXTERNAL_NAME, MATCH_TYPE, CONFIDENCE, NOTE) VALUES ('T01010019', 'STD-STDTERM', '결제기관명', '명V200', 'EXACT_MATCH', 1.0, '');
INSERT INTO MC_TERM_STD_REF (TERM_ID, STD_ID, EXTERNAL_ID, EXTERNAL_NAME, MATCH_TYPE, CONFIDENCE, NOTE) VALUES ('T01010020', 'STD-STDTERM', '겸직부서명', '명V200', 'EXACT_MATCH', 1.0, '');
INSERT INTO MC_TERM_STD_REF (TERM_ID, STD_ID, EXTERNAL_ID, EXTERNAL_NAME, MATCH_TYPE, CONFIDENCE, NOTE) VALUES ('T01010021', 'STD-STDTERM', '계약기관명', '명V200', 'EXACT_MATCH', 1.0, '');
INSERT INTO MC_TERM_STD_REF (TERM_ID, STD_ID, EXTERNAL_ID, EXTERNAL_NAME, MATCH_TYPE, CONFIDENCE, NOTE) VALUES ('T01010022', 'STD-STDTERM', '계약부서명', '명V200', 'EXACT_MATCH', 1.0, '');
INSERT INTO MC_TERM_STD_REF (TERM_ID, STD_ID, EXTERNAL_ID, EXTERNAL_NAME, MATCH_TYPE, CONFIDENCE, NOTE) VALUES ('T01010023', 'STD-STDTERM', '고객부서명', '명V200', 'EXACT_MATCH', 1.0, '');
INSERT INTO MC_TERM_STD_REF (TERM_ID, STD_ID, EXTERNAL_ID, EXTERNAL_NAME, MATCH_TYPE, CONFIDENCE, NOTE) VALUES ('T01010024', 'STD-STDTERM', '고발기관명', '명V200', 'EXACT_MATCH', 1.0, '');
INSERT INTO MC_TERM_STD_REF (TERM_ID, STD_ID, EXTERNAL_ID, EXTERNAL_NAME, MATCH_TYPE, CONFIDENCE, NOTE) VALUES ('T01010025', 'STD-STDTERM', '공고기관명', '명V200', 'EXACT_MATCH', 1.0, '');
INSERT INTO MC_TERM_STD_REF (TERM_ID, STD_ID, EXTERNAL_ID, EXTERNAL_NAME, MATCH_TYPE, CONFIDENCE, NOTE) VALUES ('T01010026', 'STD-STDTERM', '공공기관명', '명V200', 'EXACT_MATCH', 1.0, '');
INSERT INTO MC_TERM_STD_REF (TERM_ID, STD_ID, EXTERNAL_ID, EXTERNAL_NAME, MATCH_TYPE, CONFIDENCE, NOTE) VALUES ('T01010027', 'STD-STDTERM', '공표부서명', '명V200', 'EXACT_MATCH', 1.0, '');
INSERT INTO MC_TERM_STD_REF (TERM_ID, STD_ID, EXTERNAL_ID, EXTERNAL_NAME, MATCH_TYPE, CONFIDENCE, NOTE) VALUES ('T01010028', 'STD-STDTERM', '관계기관명', '명V200', 'EXACT_MATCH', 1.0, '');
INSERT INTO MC_TERM_STD_REF (TERM_ID, STD_ID, EXTERNAL_ID, EXTERNAL_NAME, MATCH_TYPE, CONFIDENCE, NOTE) VALUES ('T01010029', 'STD-STDTERM', '관계부서명', '명V200', 'EXACT_MATCH', 1.0, '');
-- 교육
INSERT INTO MC_TERM_STD_REF (TERM_ID, STD_ID, EXTERNAL_ID, EXTERNAL_NAME, MATCH_TYPE, CONFIDENCE, NOTE) VALUES ('T02010001', 'STD-UNESCO', 'concept3143', 'Educational statistics', 'NARROW_MATCH', 0.9, '');
INSERT INTO MC_TERM_STD_REF (TERM_ID, STD_ID, EXTERNAL_ID, EXTERNAL_NAME, MATCH_TYPE, CONFIDENCE, NOTE) VALUES ('T02010002', 'STD-UNESCO', 'concept3143', 'Educational statistics', 'NARROW_MATCH', 0.9, '');
INSERT INTO MC_TERM_STD_REF (TERM_ID, STD_ID, EXTERNAL_ID, EXTERNAL_NAME, MATCH_TYPE, CONFIDENCE, NOTE) VALUES ('T02010003', 'STD-UNESCO', 'concept6763', 'Teachers', 'RELATED_MATCH', 0.85, '');
INSERT INTO MC_TERM_STD_REF (TERM_ID, STD_ID, EXTERNAL_ID, EXTERNAL_NAME, MATCH_TYPE, CONFIDENCE, NOTE) VALUES ('T02010004', 'STD-UNESCO', 'concept6556', 'Students', 'RELATED_MATCH', 0.85, '');
INSERT INTO MC_TERM_STD_REF (TERM_ID, STD_ID, EXTERNAL_ID, EXTERNAL_NAME, MATCH_TYPE, CONFIDENCE, NOTE) VALUES ('T02020001', 'STD-UNESCO', 'concept5645', 'Lifelong learning', 'EXACT_MATCH', 0.95, '');
INSERT INTO MC_TERM_STD_REF (TERM_ID, STD_ID, EXTERNAL_ID, EXTERNAL_NAME, MATCH_TYPE, CONFIDENCE, NOTE) VALUES ('T02020003', 'STD-UNESCO', 'concept5645', 'Lifelong learning', 'NARROW_MATCH', 0.9, '');
INSERT INTO MC_TERM_STD_REF (TERM_ID, STD_ID, EXTERNAL_ID, EXTERNAL_NAME, MATCH_TYPE, CONFIDENCE, NOTE) VALUES ('T02020004', 'STD-UNESCO', 'concept4559', 'Literacy', 'RELATED_MATCH', 0.85, '');
INSERT INTO MC_TERM_STD_REF (TERM_ID, STD_ID, EXTERNAL_ID, EXTERNAL_NAME, MATCH_TYPE, CONFIDENCE, NOTE) VALUES ('T02020005', 'STD-UNESCO', 'concept7373', 'Vocational education', 'CLOSE_MATCH', 0.9, '');
INSERT INTO MC_TERM_STD_REF (TERM_ID, STD_ID, EXTERNAL_ID, EXTERNAL_NAME, MATCH_TYPE, CONFIDENCE, NOTE) VALUES ('T02030001', 'STD-UNESCO', 'concept2776', 'School education', 'EXACT_MATCH', 0.95, '');
INSERT INTO MC_TERM_STD_REF (TERM_ID, STD_ID, EXTERNAL_ID, EXTERNAL_NAME, MATCH_TYPE, CONFIDENCE, NOTE) VALUES ('T02030002', 'STD-UNESCO', 'concept1605', 'Curriculum', 'EXACT_MATCH', 0.95, '');
INSERT INTO MC_TERM_STD_REF (TERM_ID, STD_ID, EXTERNAL_ID, EXTERNAL_NAME, MATCH_TYPE, CONFIDENCE, NOTE) VALUES ('T02030004', 'STD-UNESCO', 'concept5872', 'School buildings', 'EXACT_MATCH', 0.9, '');
INSERT INTO MC_TERM_STD_REF (TERM_ID, STD_ID, EXTERNAL_ID, EXTERNAL_NAME, MATCH_TYPE, CONFIDENCE, NOTE) VALUES ('T02040002', 'STD-UNESCO', 'concept4598', 'Higher education', 'RELATED_MATCH', 0.85, '');
INSERT INTO MC_TERM_STD_REF (TERM_ID, STD_ID, EXTERNAL_ID, EXTERNAL_NAME, MATCH_TYPE, CONFIDENCE, NOTE) VALUES ('T02050002', 'STD-UNESCO', 'concept6337', 'Special education', 'EXACT_MATCH', 0.95, '');
INSERT INTO MC_TERM_STD_REF (TERM_ID, STD_ID, EXTERNAL_ID, EXTERNAL_NAME, MATCH_TYPE, CONFIDENCE, NOTE) VALUES ('T02010006', 'STD-STDTERM', '대학교명', '명V200', 'EXACT_MATCH', 1.0, '');
INSERT INTO MC_TERM_STD_REF (TERM_ID, STD_ID, EXTERNAL_ID, EXTERNAL_NAME, MATCH_TYPE, CONFIDENCE, NOTE) VALUES ('T02010007', 'STD-STDTERM', '입학일자', '연월일C8', 'EXACT_MATCH', 1.0, '');
INSERT INTO MC_TERM_STD_REF (TERM_ID, STD_ID, EXTERNAL_ID, EXTERNAL_NAME, MATCH_TYPE, CONFIDENCE, NOTE) VALUES ('T02010008', 'STD-STDTERM', '졸업일자', '연월일C8', 'EXACT_MATCH', 1.0, '');
INSERT INTO MC_TERM_STD_REF (TERM_ID, STD_ID, EXTERNAL_ID, EXTERNAL_NAME, MATCH_TYPE, CONFIDENCE, NOTE) VALUES ('T02010009', 'STD-STDTERM', '중학교명', '명V200', 'EXACT_MATCH', 1.0, '');
INSERT INTO MC_TERM_STD_REF (TERM_ID, STD_ID, EXTERNAL_ID, EXTERNAL_NAME, MATCH_TYPE, CONFIDENCE, NOTE) VALUES ('T02010010', 'STD-STDTERM', '고등학교명', '명V200', 'EXACT_MATCH', 1.0, '');
INSERT INTO MC_TERM_STD_REF (TERM_ID, STD_ID, EXTERNAL_ID, EXTERNAL_NAME, MATCH_TYPE, CONFIDENCE, NOTE) VALUES ('T02010011', 'STD-STDTERM', '교육과정명', '명V200', 'EXACT_MATCH', 1.0, '');
INSERT INTO MC_TERM_STD_REF (TERM_ID, STD_ID, EXTERNAL_ID, EXTERNAL_NAME, MATCH_TYPE, CONFIDENCE, NOTE) VALUES ('T02010012', 'STD-STDTERM', '성적서번호', '번호V100', 'EXACT_MATCH', 1.0, '');
INSERT INTO MC_TERM_STD_REF (TERM_ID, STD_ID, EXTERNAL_ID, EXTERNAL_NAME, MATCH_TYPE, CONFIDENCE, NOTE) VALUES ('T02010013', 'STD-STDTERM', '전공학과명', '명V100', 'EXACT_MATCH', 1.0, '');
INSERT INTO MC_TERM_STD_REF (TERM_ID, STD_ID, EXTERNAL_ID, EXTERNAL_NAME, MATCH_TYPE, CONFIDENCE, NOTE) VALUES ('T02010014', 'STD-STDTERM', '졸업학교명', '명V200', 'EXACT_MATCH', 1.0, '');
INSERT INTO MC_TERM_STD_REF (TERM_ID, STD_ID, EXTERNAL_ID, EXTERNAL_NAME, MATCH_TYPE, CONFIDENCE, NOTE) VALUES ('T02010015', 'STD-STDTERM', '입학예정일자', '연월일C8', 'EXACT_MATCH', 1.0, '');
INSERT INTO MC_TERM_STD_REF (TERM_ID, STD_ID, EXTERNAL_ID, EXTERNAL_NAME, MATCH_TYPE, CONFIDENCE, NOTE) VALUES ('T02010016', 'STD-STDTERM', '졸업예정일자', '연월일C8', 'EXACT_MATCH', 1.0, '');
INSERT INTO MC_TERM_STD_REF (TERM_ID, STD_ID, EXTERNAL_ID, EXTERNAL_NAME, MATCH_TYPE, CONFIDENCE, NOTE) VALUES ('T02010017', 'STD-STDTERM', '유지보수업체명', '명V100', 'EXACT_MATCH', 1.0, '');
INSERT INTO MC_TERM_STD_REF (TERM_ID, STD_ID, EXTERNAL_ID, EXTERNAL_NAME, MATCH_TYPE, CONFIDENCE, NOTE) VALUES ('T02010018', 'STD-STDTERM', '교육과정일련번호', '일련번호N22', 'EXACT_MATCH', 1.0, '');
INSERT INTO MC_TERM_STD_REF (TERM_ID, STD_ID, EXTERNAL_ID, EXTERNAL_NAME, MATCH_TYPE, CONFIDENCE, NOTE) VALUES ('T02010019', 'STD-STDTERM', '졸업증명서파일명', '명V300', 'EXACT_MATCH', 1.0, '');
INSERT INTO MC_TERM_STD_REF (TERM_ID, STD_ID, EXTERNAL_ID, EXTERNAL_NAME, MATCH_TYPE, CONFIDENCE, NOTE) VALUES ('T02010020', 'STD-STDTERM', '수업료', '요금N15', 'EXACT_MATCH', 1.0, '');
INSERT INTO MC_TERM_STD_REF (TERM_ID, STD_ID, EXTERNAL_ID, EXTERNAL_NAME, MATCH_TYPE, CONFIDENCE, NOTE) VALUES ('T02010021', 'STD-STDTERM', '입학금', '금액N15', 'EXACT_MATCH', 1.0, '');
INSERT INTO MC_TERM_STD_REF (TERM_ID, STD_ID, EXTERNAL_ID, EXTERNAL_NAME, MATCH_TYPE, CONFIDENCE, NOTE) VALUES ('T02010022', 'STD-STDTERM', '졸업월', '월C2', 'EXACT_MATCH', 1.0, '');
INSERT INTO MC_TERM_STD_REF (TERM_ID, STD_ID, EXTERNAL_ID, EXTERNAL_NAME, MATCH_TYPE, CONFIDENCE, NOTE) VALUES ('T02010023', 'STD-STDTERM', '성적점수', '수N7', 'EXACT_MATCH', 1.0, '');
INSERT INTO MC_TERM_STD_REF (TERM_ID, STD_ID, EXTERNAL_ID, EXTERNAL_NAME, MATCH_TYPE, CONFIDENCE, NOTE) VALUES ('T02010024', 'STD-STDTERM', '수업일수', '수N7', 'EXACT_MATCH', 1.0, '');
INSERT INTO MC_TERM_STD_REF (TERM_ID, STD_ID, EXTERNAL_ID, EXTERNAL_NAME, MATCH_TYPE, CONFIDENCE, NOTE) VALUES ('T02010025', 'STD-STDTERM', '수업주수', '수N2', 'EXACT_MATCH', 1.0, '');
INSERT INTO MC_TERM_STD_REF (TERM_ID, STD_ID, EXTERNAL_ID, EXTERNAL_NAME, MATCH_TYPE, CONFIDENCE, NOTE) VALUES ('T02010026', 'STD-STDTERM', '입학연도', '연도C4', 'EXACT_MATCH', 1.0, '');
INSERT INTO MC_TERM_STD_REF (TERM_ID, STD_ID, EXTERNAL_ID, EXTERNAL_NAME, MATCH_TYPE, CONFIDENCE, NOTE) VALUES ('T02010027', 'STD-STDTERM', '입학연월', '연월C6', 'EXACT_MATCH', 1.0, '');
INSERT INTO MC_TERM_STD_REF (TERM_ID, STD_ID, EXTERNAL_ID, EXTERNAL_NAME, MATCH_TYPE, CONFIDENCE, NOTE) VALUES ('T02010028', 'STD-STDTERM', '졸업여부', '여부C1', 'EXACT_MATCH', 1.0, '');
INSERT INTO MC_TERM_STD_REF (TERM_ID, STD_ID, EXTERNAL_ID, EXTERNAL_NAME, MATCH_TYPE, CONFIDENCE, NOTE) VALUES ('T02010029', 'STD-STDTERM', '졸업연도', '연도C4', 'EXACT_MATCH', 1.0, '');
INSERT INTO MC_TERM_STD_REF (TERM_ID, STD_ID, EXTERNAL_ID, EXTERNAL_NAME, MATCH_TYPE, CONFIDENCE, NOTE) VALUES ('T02010030', 'STD-STDTERM', '졸업연월', '연월C6', 'EXACT_MATCH', 1.0, '');
-- 보건의료
INSERT INTO MC_TERM_STD_REF (TERM_ID, STD_ID, EXTERNAL_ID, EXTERNAL_NAME, MATCH_TYPE, CONFIDENCE, NOTE) VALUES ('T03010001', 'STD-MESH', 'D006268', 'Health Facilities', 'EXACT_MATCH', 0.95, '');
INSERT INTO MC_TERM_STD_REF (TERM_ID, STD_ID, EXTERNAL_ID, EXTERNAL_NAME, MATCH_TYPE, CONFIDENCE, NOTE) VALUES ('T03010002', 'STD-MESH', 'D006761', 'Hospitals', 'EXACT_MATCH', 1.0, '');
INSERT INTO MC_TERM_STD_REF (TERM_ID, STD_ID, EXTERNAL_ID, EXTERNAL_NAME, MATCH_TYPE, CONFIDENCE, NOTE) VALUES ('T03010003', 'STD-MESH', 'D011320', 'Primary Health Care', 'RELATED_MATCH', 0.8, '');
INSERT INTO MC_TERM_STD_REF (TERM_ID, STD_ID, EXTERNAL_ID, EXTERNAL_NAME, MATCH_TYPE, CONFIDENCE, NOTE) VALUES ('T03010004', 'STD-MESH', 'D010607', 'Pharmacies', 'EXACT_MATCH', 0.95, '');
INSERT INTO MC_TERM_STD_REF (TERM_ID, STD_ID, EXTERNAL_ID, EXTERNAL_NAME, MATCH_TYPE, CONFIDENCE, NOTE) VALUES ('T03010005', 'STD-MESH', 'D006268', 'Health Facilities', 'EXACT_MATCH', 0.95, '');
INSERT INTO MC_TERM_STD_REF (TERM_ID, STD_ID, EXTERNAL_ID, EXTERNAL_NAME, MATCH_TYPE, CONFIDENCE, NOTE) VALUES ('T03010006', 'STD-MESH', 'D004864', 'Equipment and Supplies', 'CLOSE_MATCH', 0.85, '');
INSERT INTO MC_TERM_STD_REF (TERM_ID, STD_ID, EXTERNAL_ID, EXTERNAL_NAME, MATCH_TYPE, CONFIDENCE, NOTE) VALUES ('T03020001', 'STD-MESH', 'D006296', 'Health Services', 'RELATED_MATCH', 0.8, '');
INSERT INTO MC_TERM_STD_REF (TERM_ID, STD_ID, EXTERNAL_ID, EXTERNAL_NAME, MATCH_TYPE, CONFIDENCE, NOTE) VALUES ('T03020002', 'STD-MESH', 'D002386', 'Cataract', 'EXACT_MATCH', 1.0, '');
INSERT INTO MC_TERM_STD_REF (TERM_ID, STD_ID, EXTERNAL_ID, EXTERNAL_NAME, MATCH_TYPE, CONFIDENCE, NOTE) VALUES ('T03020002', 'STD-KCD', 'H25-H26', '수정체의 장애', 'NARROW_MATCH', 0.95, '');
INSERT INTO MC_TERM_STD_REF (TERM_ID, STD_ID, EXTERNAL_ID, EXTERNAL_NAME, MATCH_TYPE, CONFIDENCE, NOTE) VALUES ('T03030001', 'STD-MESH', 'D010820', 'Physicians', 'EXACT_MATCH', 1.0, '');
INSERT INTO MC_TERM_STD_REF (TERM_ID, STD_ID, EXTERNAL_ID, EXTERNAL_NAME, MATCH_TYPE, CONFIDENCE, NOTE) VALUES ('T03030002', 'STD-MESH', 'D009741', 'Nursing Staff', 'CLOSE_MATCH', 0.95, '');
INSERT INTO MC_TERM_STD_REF (TERM_ID, STD_ID, EXTERNAL_ID, EXTERNAL_NAME, MATCH_TYPE, CONFIDENCE, NOTE) VALUES ('T03040001', 'STD-MESH', 'D007348', 'Insurance, Health', 'EXACT_MATCH', 0.95, '');
INSERT INTO MC_TERM_STD_REF (TERM_ID, STD_ID, EXTERNAL_ID, EXTERNAL_NAME, MATCH_TYPE, CONFIDENCE, NOTE) VALUES ('T03040002', 'STD-MESH', 'D008484', 'Medicaid', 'CLOSE_MATCH', 0.85, '');
INSERT INTO MC_TERM_STD_REF (TERM_ID, STD_ID, EXTERNAL_ID, EXTERNAL_NAME, MATCH_TYPE, CONFIDENCE, NOTE) VALUES ('T03050001', 'STD-MESH', 'D009369', 'Neoplasms', 'EXACT_MATCH', 1.0, '');
INSERT INTO MC_TERM_STD_REF (TERM_ID, STD_ID, EXTERNAL_ID, EXTERNAL_NAME, MATCH_TYPE, CONFIDENCE, NOTE) VALUES ('T03050001', 'STD-ICD11', '2', 'Neoplasms', 'EXACT_MATCH', 1.0, '');
INSERT INTO MC_TERM_STD_REF (TERM_ID, STD_ID, EXTERNAL_ID, EXTERNAL_NAME, MATCH_TYPE, CONFIDENCE, NOTE) VALUES ('T03050001', 'STD-KCD', 'C00-D48', '신생물', 'EXACT_MATCH', 1.0, '');
INSERT INTO MC_TERM_STD_REF (TERM_ID, STD_ID, EXTERNAL_ID, EXTERNAL_NAME, MATCH_TYPE, CONFIDENCE, NOTE) VALUES ('T03050002', 'STD-MESH', 'D015179', 'Colorectal Neoplasms', 'EXACT_MATCH', 1.0, '');
INSERT INTO MC_TERM_STD_REF (TERM_ID, STD_ID, EXTERNAL_ID, EXTERNAL_NAME, MATCH_TYPE, CONFIDENCE, NOTE) VALUES ('T03050002', 'STD-KCD', 'C18-C20', '결장·직장 악성신생물', 'EXACT_MATCH', 1.0, '');
INSERT INTO MC_TERM_STD_REF (TERM_ID, STD_ID, EXTERNAL_ID, EXTERNAL_NAME, MATCH_TYPE, CONFIDENCE, NOTE) VALUES ('T03050003', 'STD-MESH', 'D015352', 'Dry Eye Syndromes', 'EXACT_MATCH', 1.0, '');
INSERT INTO MC_TERM_STD_REF (TERM_ID, STD_ID, EXTERNAL_ID, EXTERNAL_NAME, MATCH_TYPE, CONFIDENCE, NOTE) VALUES ('T03050004', 'STD-MESH', 'D005764', 'Gastroesophageal Reflux', 'EXACT_MATCH', 1.0, '');
INSERT INTO MC_TERM_STD_REF (TERM_ID, STD_ID, EXTERNAL_ID, EXTERNAL_NAME, MATCH_TYPE, CONFIDENCE, NOTE) VALUES ('T03010007', 'STD-STDTERM', '병원명', '명V100', 'EXACT_MATCH', 1.0, '');
INSERT INTO MC_TERM_STD_REF (TERM_ID, STD_ID, EXTERNAL_ID, EXTERNAL_NAME, MATCH_TYPE, CONFIDENCE, NOTE) VALUES ('T03010008', 'STD-STDTERM', '약품명', '명V300', 'EXACT_MATCH', 1.0, '');
INSERT INTO MC_TERM_STD_REF (TERM_ID, STD_ID, EXTERNAL_ID, EXTERNAL_NAME, MATCH_TYPE, CONFIDENCE, NOTE) VALUES ('T03010009', 'STD-STDTERM', '의사명', '명V100', 'EXACT_MATCH', 1.0, '');
INSERT INTO MC_TERM_STD_REF (TERM_ID, STD_ID, EXTERNAL_ID, EXTERNAL_NAME, MATCH_TYPE, CONFIDENCE, NOTE) VALUES ('T03010010', 'STD-STDTERM', '담당의사명', '명V100', 'EXACT_MATCH', 1.0, '');
INSERT INTO MC_TERM_STD_REF (TERM_ID, STD_ID, EXTERNAL_ID, EXTERNAL_NAME, MATCH_TYPE, CONFIDENCE, NOTE) VALUES ('T03010011', 'STD-STDTERM', '건강검진일자', '연월일C8', 'EXACT_MATCH', 1.0, '');
INSERT INTO MC_TERM_STD_REF (TERM_ID, STD_ID, EXTERNAL_ID, EXTERNAL_NAME, MATCH_TYPE, CONFIDENCE, NOTE) VALUES ('T03010012', 'STD-STDTERM', '의사면허번호', '번호V50', 'EXACT_MATCH', 1.0, '');
INSERT INTO MC_TERM_STD_REF (TERM_ID, STD_ID, EXTERNAL_ID, EXTERNAL_NAME, MATCH_TYPE, CONFIDENCE, NOTE) VALUES ('T03010013', 'STD-STDTERM', '요양기관전화번호', '전화번호V11', 'EXACT_MATCH', 1.0, '');
INSERT INTO MC_TERM_STD_REF (TERM_ID, STD_ID, EXTERNAL_ID, EXTERNAL_NAME, MATCH_TYPE, CONFIDENCE, NOTE) VALUES ('T03010014', 'STD-STDTERM', '의사수', '수N14', 'EXACT_MATCH', 1.0, '');
INSERT INTO MC_TERM_STD_REF (TERM_ID, STD_ID, EXTERNAL_ID, EXTERNAL_NAME, MATCH_TYPE, CONFIDENCE, NOTE) VALUES ('T03010015', 'STD-STDTERM', '간호사수', '수N10', 'EXACT_MATCH', 1.0, '');
INSERT INTO MC_TERM_STD_REF (TERM_ID, STD_ID, EXTERNAL_ID, EXTERNAL_NAME, MATCH_TYPE, CONFIDENCE, NOTE) VALUES ('T03010016', 'STD-STDTERM', '건의사항', '내용V4000', 'EXACT_MATCH', 1.0, '');
INSERT INTO MC_TERM_STD_REF (TERM_ID, STD_ID, EXTERNAL_ID, EXTERNAL_NAME, MATCH_TYPE, CONFIDENCE, NOTE) VALUES ('T03010017', 'STD-STDTERM', '문의사항', '내용V4000', 'EXACT_MATCH', 1.0, '');
INSERT INTO MC_TERM_STD_REF (TERM_ID, STD_ID, EXTERNAL_ID, EXTERNAL_NAME, MATCH_TYPE, CONFIDENCE, NOTE) VALUES ('T03010018', 'STD-STDTERM', '유의사항', '내용V4000', 'EXACT_MATCH', 1.0, '');
INSERT INTO MC_TERM_STD_REF (TERM_ID, STD_ID, EXTERNAL_ID, EXTERNAL_NAME, MATCH_TYPE, CONFIDENCE, NOTE) VALUES ('T03010019', 'STD-STDTERM', '주의사항', '내용V4000', 'EXACT_MATCH', 1.0, '');
INSERT INTO MC_TERM_STD_REF (TERM_ID, STD_ID, EXTERNAL_ID, EXTERNAL_NAME, MATCH_TYPE, CONFIDENCE, NOTE) VALUES ('T03010020', 'STD-STDTERM', '비동의사유', '내용V4000', 'EXACT_MATCH', 1.0, '');
INSERT INTO MC_TERM_STD_REF (TERM_ID, STD_ID, EXTERNAL_ID, EXTERNAL_NAME, MATCH_TYPE, CONFIDENCE, NOTE) VALUES ('T03010021', 'STD-STDTERM', '요양기관기호', '번호V100', 'EXACT_MATCH', 1.0, '');
-- 사회복지
INSERT INTO MC_TERM_STD_REF (TERM_ID, STD_ID, EXTERNAL_ID, EXTERNAL_NAME, MATCH_TYPE, CONFIDENCE, NOTE) VALUES ('T04010001', 'STD-DATAGOkr', '사회복지', '', 'NARROW_MATCH', 0.85, '');
INSERT INTO MC_TERM_STD_REF (TERM_ID, STD_ID, EXTERNAL_ID, EXTERNAL_NAME, MATCH_TYPE, CONFIDENCE, NOTE) VALUES ('T04010002', 'STD-DATAGOkr', '사회복지', '', 'NARROW_MATCH', 0.85, '');
INSERT INTO MC_TERM_STD_REF (TERM_ID, STD_ID, EXTERNAL_ID, EXTERNAL_NAME, MATCH_TYPE, CONFIDENCE, NOTE) VALUES ('T04010003', 'STD-DATAGOkr', '사회복지', '', 'NARROW_MATCH', 0.85, '');
INSERT INTO MC_TERM_STD_REF (TERM_ID, STD_ID, EXTERNAL_ID, EXTERNAL_NAME, MATCH_TYPE, CONFIDENCE, NOTE) VALUES ('T04020001', 'STD-DATAGOkr', '사회복지', '', 'NARROW_MATCH', 0.85, '');
INSERT INTO MC_TERM_STD_REF (TERM_ID, STD_ID, EXTERNAL_ID, EXTERNAL_NAME, MATCH_TYPE, CONFIDENCE, NOTE) VALUES ('T04020002', 'STD-DATAGOkr', '사회복지', '', 'NARROW_MATCH', 0.85, '');
INSERT INTO MC_TERM_STD_REF (TERM_ID, STD_ID, EXTERNAL_ID, EXTERNAL_NAME, MATCH_TYPE, CONFIDENCE, NOTE) VALUES ('T04030001', 'STD-DATAGOkr', '사회복지', '', 'NARROW_MATCH', 0.85, '');
INSERT INTO MC_TERM_STD_REF (TERM_ID, STD_ID, EXTERNAL_ID, EXTERNAL_NAME, MATCH_TYPE, CONFIDENCE, NOTE) VALUES ('T04040001', 'STD-DATAGOkr', '사회복지', '', 'RELATED_MATCH', 0.8, '');
INSERT INTO MC_TERM_STD_REF (TERM_ID, STD_ID, EXTERNAL_ID, EXTERNAL_NAME, MATCH_TYPE, CONFIDENCE, NOTE) VALUES ('T04040002', 'STD-DATAGOkr', '사회복지', '', 'RELATED_MATCH', 0.8, '');
INSERT INTO MC_TERM_STD_REF (TERM_ID, STD_ID, EXTERNAL_ID, EXTERNAL_NAME, MATCH_TYPE, CONFIDENCE, NOTE) VALUES ('T04010004', 'STD-STDTERM', '수당명', '명V200', 'EXACT_MATCH', 1.0, '');
INSERT INTO MC_TERM_STD_REF (TERM_ID, STD_ID, EXTERNAL_ID, EXTERNAL_NAME, MATCH_TYPE, CONFIDENCE, NOTE) VALUES ('T04010005', 'STD-STDTERM', '수급자명', '명V100', 'EXACT_MATCH', 1.0, '');
INSERT INTO MC_TERM_STD_REF (TERM_ID, STD_ID, EXTERNAL_ID, EXTERNAL_NAME, MATCH_TYPE, CONFIDENCE, NOTE) VALUES ('T04010006', 'STD-STDTERM', '장애인명', '명V100', 'EXACT_MATCH', 1.0, '');
INSERT INTO MC_TERM_STD_REF (TERM_ID, STD_ID, EXTERNAL_ID, EXTERNAL_NAME, MATCH_TYPE, CONFIDENCE, NOTE) VALUES ('T04010007', 'STD-STDTERM', '수당지급일자', '연월일C8', 'EXACT_MATCH', 1.0, '');
INSERT INTO MC_TERM_STD_REF (TERM_ID, STD_ID, EXTERNAL_ID, EXTERNAL_NAME, MATCH_TYPE, CONFIDENCE, NOTE) VALUES ('T04010008', 'STD-STDTERM', '연금계좌번호', '계좌번호V20', 'EXACT_MATCH', 1.0, '');
INSERT INTO MC_TERM_STD_REF (TERM_ID, STD_ID, EXTERNAL_ID, EXTERNAL_NAME, MATCH_TYPE, CONFIDENCE, NOTE) VALUES ('T04010009', 'STD-STDTERM', '연금지급일자', '연월일C8', 'EXACT_MATCH', 1.0, '');
INSERT INTO MC_TERM_STD_REF (TERM_ID, STD_ID, EXTERNAL_ID, EXTERNAL_NAME, MATCH_TYPE, CONFIDENCE, NOTE) VALUES ('T04010010', 'STD-STDTERM', '장애인정일자', '연월일C8', 'EXACT_MATCH', 1.0, '');
INSERT INTO MC_TERM_STD_REF (TERM_ID, STD_ID, EXTERNAL_ID, EXTERNAL_NAME, MATCH_TYPE, CONFIDENCE, NOTE) VALUES ('T04010011', 'STD-STDTERM', '국민연금등급명', '명V100', 'EXACT_MATCH', 1.0, '');
INSERT INTO MC_TERM_STD_REF (TERM_ID, STD_ID, EXTERNAL_ID, EXTERNAL_NAME, MATCH_TYPE, CONFIDENCE, NOTE) VALUES ('T04010012', 'STD-STDTERM', '장애인등록번호', '번호V50', 'EXACT_MATCH', 1.0, '');
INSERT INTO MC_TERM_STD_REF (TERM_ID, STD_ID, EXTERNAL_ID, EXTERNAL_NAME, MATCH_TYPE, CONFIDENCE, NOTE) VALUES ('T04010013', 'STD-STDTERM', '국민연금상실일자', '연월일C8', 'EXACT_MATCH', 1.0, '');
INSERT INTO MC_TERM_STD_REF (TERM_ID, STD_ID, EXTERNAL_ID, EXTERNAL_NAME, MATCH_TYPE, CONFIDENCE, NOTE) VALUES ('T04010014', 'STD-STDTERM', '국민연금취득일자', '연월일C8', 'EXACT_MATCH', 1.0, '');
INSERT INTO MC_TERM_STD_REF (TERM_ID, STD_ID, EXTERNAL_ID, EXTERNAL_NAME, MATCH_TYPE, CONFIDENCE, NOTE) VALUES ('T04010015', 'STD-STDTERM', '연금계좌취급자명', '명V100', 'EXACT_MATCH', 1.0, '');
INSERT INTO MC_TERM_STD_REF (TERM_ID, STD_ID, EXTERNAL_ID, EXTERNAL_NAME, MATCH_TYPE, CONFIDENCE, NOTE) VALUES ('T04010016', 'STD-STDTERM', '연금지급개시일자', '연월일C8', 'EXACT_MATCH', 1.0, '');
INSERT INTO MC_TERM_STD_REF (TERM_ID, STD_ID, EXTERNAL_ID, EXTERNAL_NAME, MATCH_TYPE, CONFIDENCE, NOTE) VALUES ('T04010017', 'STD-STDTERM', '연금지급종료일자', '연월일C8', 'EXACT_MATCH', 1.0, '');
INSERT INTO MC_TERM_STD_REF (TERM_ID, STD_ID, EXTERNAL_ID, EXTERNAL_NAME, MATCH_TYPE, CONFIDENCE, NOTE) VALUES ('T04010018', 'STD-STDTERM', '국민연금사업장관리번호', '번호V50', 'EXACT_MATCH', 1.0, '');
INSERT INTO MC_TERM_STD_REF (TERM_ID, STD_ID, EXTERNAL_ID, EXTERNAL_NAME, MATCH_TYPE, CONFIDENCE, NOTE) VALUES ('T04010019', 'STD-STDTERM', '제수당', '금액N15', 'EXACT_MATCH', 1.0, '');
INSERT INTO MC_TERM_STD_REF (TERM_ID, STD_ID, EXTERNAL_ID, EXTERNAL_NAME, MATCH_TYPE, CONFIDENCE, NOTE) VALUES ('T04010020', 'STD-STDTERM', '가족수당', '금액N15', 'EXACT_MATCH', 1.0, '');
INSERT INTO MC_TERM_STD_REF (TERM_ID, STD_ID, EXTERNAL_ID, EXTERNAL_NAME, MATCH_TYPE, CONFIDENCE, NOTE) VALUES ('T04010021', 'STD-STDTERM', '기술수당', '금액N15', 'EXACT_MATCH', 1.0, '');
INSERT INTO MC_TERM_STD_REF (TERM_ID, STD_ID, EXTERNAL_ID, EXTERNAL_NAME, MATCH_TYPE, CONFIDENCE, NOTE) VALUES ('T04010022', 'STD-STDTERM', '기타수당', '금액N15', 'EXACT_MATCH', 1.0, '');
INSERT INTO MC_TERM_STD_REF (TERM_ID, STD_ID, EXTERNAL_ID, EXTERNAL_NAME, MATCH_TYPE, CONFIDENCE, NOTE) VALUES ('T04010023', 'STD-STDTERM', '당직수당', '금액N15', 'EXACT_MATCH', 1.0, '');
INSERT INTO MC_TERM_STD_REF (TERM_ID, STD_ID, EXTERNAL_ID, EXTERNAL_NAME, MATCH_TYPE, CONFIDENCE, NOTE) VALUES ('T04010024', 'STD-STDTERM', '대우수당', '금액N15', 'EXACT_MATCH', 1.0, '');
INSERT INTO MC_TERM_STD_REF (TERM_ID, STD_ID, EXTERNAL_ID, EXTERNAL_NAME, MATCH_TYPE, CONFIDENCE, NOTE) VALUES ('T04010025', 'STD-STDTERM', '아동여부', '여부C1', 'EXACT_MATCH', 1.0, '');
INSERT INTO MC_TERM_STD_REF (TERM_ID, STD_ID, EXTERNAL_ID, EXTERNAL_NAME, MATCH_TYPE, CONFIDENCE, NOTE) VALUES ('T04010026', 'STD-STDTERM', '연금금액', '금액N15', 'EXACT_MATCH', 1.0, '');
INSERT INTO MC_TERM_STD_REF (TERM_ID, STD_ID, EXTERNAL_ID, EXTERNAL_NAME, MATCH_TYPE, CONFIDENCE, NOTE) VALUES ('T04010027', 'STD-STDTERM', '연금월액', '금액N15', 'EXACT_MATCH', 1.0, '');
INSERT INTO MC_TERM_STD_REF (TERM_ID, STD_ID, EXTERNAL_ID, EXTERNAL_NAME, MATCH_TYPE, CONFIDENCE, NOTE) VALUES ('T04010028', 'STD-STDTERM', '위험수당', '금액N15', 'EXACT_MATCH', 1.0, '');
-- 법률
INSERT INTO MC_TERM_STD_REF (TERM_ID, STD_ID, EXTERNAL_ID, EXTERNAL_NAME, MATCH_TYPE, CONFIDENCE, NOTE) VALUES ('T05010001', 'STD-MOLEG', '법령', '', 'EXACT_MATCH', 0.95, '');
INSERT INTO MC_TERM_STD_REF (TERM_ID, STD_ID, EXTERNAL_ID, EXTERNAL_NAME, MATCH_TYPE, CONFIDENCE, NOTE) VALUES ('T05010002', 'STD-MOLEG', '법률', '', 'EXACT_MATCH', 0.95, '');
INSERT INTO MC_TERM_STD_REF (TERM_ID, STD_ID, EXTERNAL_ID, EXTERNAL_NAME, MATCH_TYPE, CONFIDENCE, NOTE) VALUES ('T05010003', 'STD-MOLEG', '대통령령', '', 'EXACT_MATCH', 0.95, '');
INSERT INTO MC_TERM_STD_REF (TERM_ID, STD_ID, EXTERNAL_ID, EXTERNAL_NAME, MATCH_TYPE, CONFIDENCE, NOTE) VALUES ('T05010004', 'STD-MOLEG', '자치법규', '', 'EXACT_MATCH', 0.95, '');
INSERT INTO MC_TERM_STD_REF (TERM_ID, STD_ID, EXTERNAL_ID, EXTERNAL_NAME, MATCH_TYPE, CONFIDENCE, NOTE) VALUES ('T05010005', 'STD-MOLEG', '행정규칙', '', 'EXACT_MATCH', 0.95, '');
INSERT INTO MC_TERM_STD_REF (TERM_ID, STD_ID, EXTERNAL_ID, EXTERNAL_NAME, MATCH_TYPE, CONFIDENCE, NOTE) VALUES ('T05020001', 'STD-MOLEG', '판례', '', 'EXACT_MATCH', 0.95, '');
INSERT INTO MC_TERM_STD_REF (TERM_ID, STD_ID, EXTERNAL_ID, EXTERNAL_NAME, MATCH_TYPE, CONFIDENCE, NOTE) VALUES ('T05020002', 'STD-MOLEG', '판례', '', 'NARROW_MATCH', 0.9, '');
INSERT INTO MC_TERM_STD_REF (TERM_ID, STD_ID, EXTERNAL_ID, EXTERNAL_NAME, MATCH_TYPE, CONFIDENCE, NOTE) VALUES ('T05020003', 'STD-MOLEG', '헌법재판소결정', '', 'EXACT_MATCH', 0.95, '');
INSERT INTO MC_TERM_STD_REF (TERM_ID, STD_ID, EXTERNAL_ID, EXTERNAL_NAME, MATCH_TYPE, CONFIDENCE, NOTE) VALUES ('T05030001', 'STD-MOLEG', '법령', '', 'RELATED_MATCH', 0.75, '');
INSERT INTO MC_TERM_STD_REF (TERM_ID, STD_ID, EXTERNAL_ID, EXTERNAL_NAME, MATCH_TYPE, CONFIDENCE, NOTE) VALUES ('T05040001', 'STD-MOLEG', '국세기본법', '', 'RELATED_MATCH', 0.85, '');
INSERT INTO MC_TERM_STD_REF (TERM_ID, STD_ID, EXTERNAL_ID, EXTERNAL_NAME, MATCH_TYPE, CONFIDENCE, NOTE) VALUES ('T05040002', 'STD-MOLEG', '종합부동산세법', '', 'EXACT_MATCH', 0.95, '');
INSERT INTO MC_TERM_STD_REF (TERM_ID, STD_ID, EXTERNAL_ID, EXTERNAL_NAME, MATCH_TYPE, CONFIDENCE, NOTE) VALUES ('T05040003', 'STD-MOLEG', '소득세법', '', 'NARROW_MATCH', 0.9, '');
INSERT INTO MC_TERM_STD_REF (TERM_ID, STD_ID, EXTERNAL_ID, EXTERNAL_NAME, MATCH_TYPE, CONFIDENCE, NOTE) VALUES ('T05010007', 'STD-STDTERM', '법령명', '명V300', 'EXACT_MATCH', 1.0, '');
INSERT INTO MC_TERM_STD_REF (TERM_ID, STD_ID, EXTERNAL_ID, EXTERNAL_NAME, MATCH_TYPE, CONFIDENCE, NOTE) VALUES ('T05010008', 'STD-STDTERM', '법원명', '명V100', 'EXACT_MATCH', 1.0, '');
INSERT INTO MC_TERM_STD_REF (TERM_ID, STD_ID, EXTERNAL_ID, EXTERNAL_NAME, MATCH_TYPE, CONFIDENCE, NOTE) VALUES ('T05010009', 'STD-STDTERM', '등기번호', '번호V20', 'EXACT_MATCH', 1.0, '');
INSERT INTO MC_TERM_STD_REF (TERM_ID, STD_ID, EXTERNAL_ID, EXTERNAL_NAME, MATCH_TYPE, CONFIDENCE, NOTE) VALUES ('T05010010', 'STD-STDTERM', '등기소명', '명V300', 'EXACT_MATCH', 1.0, '');
INSERT INTO MC_TERM_STD_REF (TERM_ID, STD_ID, EXTERNAL_ID, EXTERNAL_NAME, MATCH_TYPE, CONFIDENCE, NOTE) VALUES ('T05010011', 'STD-STDTERM', '등기일자', '연월일C8', 'EXACT_MATCH', 1.0, '');
INSERT INTO MC_TERM_STD_REF (TERM_ID, STD_ID, EXTERNAL_ID, EXTERNAL_NAME, MATCH_TYPE, CONFIDENCE, NOTE) VALUES ('T05010012', 'STD-STDTERM', '변호사명', '명V100', 'EXACT_MATCH', 1.0, '');
INSERT INTO MC_TERM_STD_REF (TERM_ID, STD_ID, EXTERNAL_ID, EXTERNAL_NAME, MATCH_TYPE, CONFIDENCE, NOTE) VALUES ('T05010013', 'STD-STDTERM', '소송번호', '번호V25', 'EXACT_MATCH', 1.0, '');
INSERT INTO MC_TERM_STD_REF (TERM_ID, STD_ID, EXTERNAL_ID, EXTERNAL_NAME, MATCH_TYPE, CONFIDENCE, NOTE) VALUES ('T05010014', 'STD-STDTERM', '재판부명', '명V300', 'EXACT_MATCH', 1.0, '');
INSERT INTO MC_TERM_STD_REF (TERM_ID, STD_ID, EXTERNAL_ID, EXTERNAL_NAME, MATCH_TYPE, CONFIDENCE, NOTE) VALUES ('T05010015', 'STD-STDTERM', '관계법령명', '명V300', 'EXACT_MATCH', 1.0, '');
INSERT INTO MC_TERM_STD_REF (TERM_ID, STD_ID, EXTERNAL_ID, EXTERNAL_NAME, MATCH_TYPE, CONFIDENCE, NOTE) VALUES ('T05010016', 'STD-STDTERM', '관할법원명', '명V100', 'EXACT_MATCH', 1.0, '');
INSERT INTO MC_TERM_STD_REF (TERM_ID, STD_ID, EXTERNAL_ID, EXTERNAL_NAME, MATCH_TYPE, CONFIDENCE, NOTE) VALUES ('T05010017', 'STD-STDTERM', '근거법령명', '명V300', 'EXACT_MATCH', 1.0, '');
INSERT INTO MC_TERM_STD_REF (TERM_ID, STD_ID, EXTERNAL_ID, EXTERNAL_NAME, MATCH_TYPE, CONFIDENCE, NOTE) VALUES ('T05010018', 'STD-STDTERM', '소송사건명', '명V300', 'EXACT_MATCH', 1.0, '');
INSERT INTO MC_TERM_STD_REF (TERM_ID, STD_ID, EXTERNAL_ID, EXTERNAL_NAME, MATCH_TYPE, CONFIDENCE, NOTE) VALUES ('T05010019', 'STD-STDTERM', '관할등기소명', '명V300', 'EXACT_MATCH', 1.0, '');
INSERT INTO MC_TERM_STD_REF (TERM_ID, STD_ID, EXTERNAL_ID, EXTERNAL_NAME, MATCH_TYPE, CONFIDENCE, NOTE) VALUES ('T05010020', 'STD-STDTERM', '담당변호사명', '명V100', 'EXACT_MATCH', 1.0, '');
INSERT INTO MC_TERM_STD_REF (TERM_ID, STD_ID, EXTERNAL_ID, EXTERNAL_NAME, MATCH_TYPE, CONFIDENCE, NOTE) VALUES ('T05010021', 'STD-STDTERM', '등기우편번호', '우편번호C13', 'EXACT_MATCH', 1.0, '');
INSERT INTO MC_TERM_STD_REF (TERM_ID, STD_ID, EXTERNAL_ID, EXTERNAL_NAME, MATCH_TYPE, CONFIDENCE, NOTE) VALUES ('T05010022', 'STD-STDTERM', '등기원인일자', '연월일C8', 'EXACT_MATCH', 1.0, '');
INSERT INTO MC_TERM_STD_REF (TERM_ID, STD_ID, EXTERNAL_ID, EXTERNAL_NAME, MATCH_TYPE, CONFIDENCE, NOTE) VALUES ('T05010023', 'STD-STDTERM', '등기접수번호', '번호V20', 'EXACT_MATCH', 1.0, '');
INSERT INTO MC_TERM_STD_REF (TERM_ID, STD_ID, EXTERNAL_ID, EXTERNAL_NAME, MATCH_TYPE, CONFIDENCE, NOTE) VALUES ('T05010024', 'STD-STDTERM', '등기접수일자', '연월일C8', 'EXACT_MATCH', 1.0, '');
INSERT INTO MC_TERM_STD_REF (TERM_ID, STD_ID, EXTERNAL_ID, EXTERNAL_NAME, MATCH_TYPE, CONFIDENCE, NOTE) VALUES ('T05010025', 'STD-STDTERM', '법원사건번호', '번호V20', 'EXACT_MATCH', 1.0, '');
INSERT INTO MC_TERM_STD_REF (TERM_ID, STD_ID, EXTERNAL_ID, EXTERNAL_NAME, MATCH_TYPE, CONFIDENCE, NOTE) VALUES ('T05010026', 'STD-STDTERM', '법원접수일자', '연월일C8', 'EXACT_MATCH', 1.0, '');
INSERT INTO MC_TERM_STD_REF (TERM_ID, STD_ID, EXTERNAL_ID, EXTERNAL_NAME, MATCH_TYPE, CONFIDENCE, NOTE) VALUES ('T05010027', 'STD-STDTERM', '소송대리인명', '명V100', 'EXACT_MATCH', 1.0, '');
INSERT INTO MC_TERM_STD_REF (TERM_ID, STD_ID, EXTERNAL_ID, EXTERNAL_NAME, MATCH_TYPE, CONFIDENCE, NOTE) VALUES ('T05010028', 'STD-STDTERM', '소송수행자명', '명V100', 'EXACT_MATCH', 1.0, '');
INSERT INTO MC_TERM_STD_REF (TERM_ID, STD_ID, EXTERNAL_ID, EXTERNAL_NAME, MATCH_TYPE, CONFIDENCE, NOTE) VALUES ('T05010029', 'STD-STDTERM', '소송시작일자', '연월일C8', 'EXACT_MATCH', 1.0, '');
INSERT INTO MC_TERM_STD_REF (TERM_ID, STD_ID, EXTERNAL_ID, EXTERNAL_NAME, MATCH_TYPE, CONFIDENCE, NOTE) VALUES ('T05010030', 'STD-STDTERM', '소송접수일자', '연월일C8', 'EXACT_MATCH', 1.0, '');
INSERT INTO MC_TERM_STD_REF (TERM_ID, STD_ID, EXTERNAL_ID, EXTERNAL_NAME, MATCH_TYPE, CONFIDENCE, NOTE) VALUES ('T05010031', 'STD-STDTERM', '소송제기일자', '연월일C8', 'EXACT_MATCH', 1.0, '');
-- 재정금융
INSERT INTO MC_TERM_STD_REF (TERM_ID, STD_ID, EXTERNAL_ID, EXTERNAL_NAME, MATCH_TYPE, CONFIDENCE, NOTE) VALUES ('T06010001', 'STD-FIBO', 'fibo-ind-ir-ir/BaseRate', 'Base Rate', 'EXACT_MATCH', 0.95, '');
INSERT INTO MC_TERM_STD_REF (TERM_ID, STD_ID, EXTERNAL_ID, EXTERNAL_NAME, MATCH_TYPE, CONFIDENCE, NOTE) VALUES ('T06010002', 'STD-FIBO', 'fibo-fnd-acc-cur/MonetaryAmount', 'Monetary Amount', 'RELATED_MATCH', 0.85, '');
INSERT INTO MC_TERM_STD_REF (TERM_ID, STD_ID, EXTERNAL_ID, EXTERNAL_NAME, MATCH_TYPE, CONFIDENCE, NOTE) VALUES ('T06010003', 'STD-FIBO', 'fibo-fnd-acc-cur/Budget', 'Budget', 'NARROW_MATCH', 0.8, '');
INSERT INTO MC_TERM_STD_REF (TERM_ID, STD_ID, EXTERNAL_ID, EXTERNAL_NAME, MATCH_TYPE, CONFIDENCE, NOTE) VALUES ('T06020001', 'STD-FIBO', 'fibo-loan-ln-ln/Loan', 'Loan', 'BROAD_MATCH', 0.8, '');
INSERT INTO MC_TERM_STD_REF (TERM_ID, STD_ID, EXTERNAL_ID, EXTERNAL_NAME, MATCH_TYPE, CONFIDENCE, NOTE) VALUES ('T06020002', 'STD-FIBO', 'fibo-be-corp-corp/BalanceSheet', 'Balance Sheet', 'EXACT_MATCH', 0.9, '');
INSERT INTO MC_TERM_STD_REF (TERM_ID, STD_ID, EXTERNAL_ID, EXTERNAL_NAME, MATCH_TYPE, CONFIDENCE, NOTE) VALUES ('T06030001', 'STD-FIBO', 'fibo-fbc-fct-fse/Bank', 'Bank', 'EXACT_MATCH', 0.95, '');
INSERT INTO MC_TERM_STD_REF (TERM_ID, STD_ID, EXTERNAL_ID, EXTERNAL_NAME, MATCH_TYPE, CONFIDENCE, NOTE) VALUES ('T06030001', 'STD-KSIC', '641', '은행 및 저축기관', 'EXACT_MATCH', 0.95, '');
INSERT INTO MC_TERM_STD_REF (TERM_ID, STD_ID, EXTERNAL_ID, EXTERNAL_NAME, MATCH_TYPE, CONFIDENCE, NOTE) VALUES ('T06030002', 'STD-FIBO', 'fibo-fnd-acc-cur/Tax', 'Tax', 'RELATED_MATCH', 0.75, '');
INSERT INTO MC_TERM_STD_REF (TERM_ID, STD_ID, EXTERNAL_ID, EXTERNAL_NAME, MATCH_TYPE, CONFIDENCE, NOTE) VALUES ('T06040001', 'STD-FIBO', 'fibo-fbc-fct-fse/FinancialTechnologyCompany', 'FinTech Company', 'RELATED_MATCH', 0.8, '');
INSERT INTO MC_TERM_STD_REF (TERM_ID, STD_ID, EXTERNAL_ID, EXTERNAL_NAME, MATCH_TYPE, CONFIDENCE, NOTE) VALUES ('T06040001', 'STD-KSIC', '64', '금융업', 'BROAD_MATCH', 0.7, '');
INSERT INTO MC_TERM_STD_REF (TERM_ID, STD_ID, EXTERNAL_ID, EXTERNAL_NAME, MATCH_TYPE, CONFIDENCE, NOTE) VALUES ('T06040002', 'STD-FIBO', 'fibo-sec-eq-eq/Equity', 'Equity', 'EXACT_MATCH', 0.95, '');
INSERT INTO MC_TERM_STD_REF (TERM_ID, STD_ID, EXTERNAL_ID, EXTERNAL_NAME, MATCH_TYPE, CONFIDENCE, NOTE) VALUES ('T06040003', 'STD-FIBO', 'fibo-sec-dbt-dbti/Bond', 'Bond', 'EXACT_MATCH', 0.95, '');
INSERT INTO MC_TERM_STD_REF (TERM_ID, STD_ID, EXTERNAL_ID, EXTERNAL_NAME, MATCH_TYPE, CONFIDENCE, NOTE) VALUES ('T06050001', 'STD-FIBO', 'fibo-sec-fund/PensionFund', 'Pension Fund', 'CLOSE_MATCH', 0.9, '');
INSERT INTO MC_TERM_STD_REF (TERM_ID, STD_ID, EXTERNAL_ID, EXTERNAL_NAME, MATCH_TYPE, CONFIDENCE, NOTE) VALUES ('T06050002', 'STD-FIBO', 'fibo-sec-fund/PensionFund', 'Pension Fund', 'CLOSE_MATCH', 0.85, '');
INSERT INTO MC_TERM_STD_REF (TERM_ID, STD_ID, EXTERNAL_ID, EXTERNAL_NAME, MATCH_TYPE, CONFIDENCE, NOTE) VALUES ('T06060001', 'STD-FIBO', 'fibo-fbc-fct-mkt/MonetaryPolicy', 'Monetary Policy', 'EXACT_MATCH', 0.95, '');
INSERT INTO MC_TERM_STD_REF (TERM_ID, STD_ID, EXTERNAL_ID, EXTERNAL_NAME, MATCH_TYPE, CONFIDENCE, NOTE) VALUES ('T06010006', 'STD-STDTERM', '계좌명', '명V300', 'EXACT_MATCH', 1.0, '');
INSERT INTO MC_TERM_STD_REF (TERM_ID, STD_ID, EXTERNAL_ID, EXTERNAL_NAME, MATCH_TYPE, CONFIDENCE, NOTE) VALUES ('T06010007', 'STD-STDTERM', '보험명', '명V200', 'EXACT_MATCH', 1.0, '');
INSERT INTO MC_TERM_STD_REF (TERM_ID, STD_ID, EXTERNAL_ID, EXTERNAL_NAME, MATCH_TYPE, CONFIDENCE, NOTE) VALUES ('T06010008', 'STD-STDTERM', '계좌번호', '계좌번호V20', 'EXACT_MATCH', 1.0, '');
INSERT INTO MC_TERM_STD_REF (TERM_ID, STD_ID, EXTERNAL_ID, EXTERNAL_NAME, MATCH_TYPE, CONFIDENCE, NOTE) VALUES ('T06010009', 'STD-STDTERM', '과세일자', '연월일C8', 'EXACT_MATCH', 1.0, '');
INSERT INTO MC_TERM_STD_REF (TERM_ID, STD_ID, EXTERNAL_ID, EXTERNAL_NAME, MATCH_TYPE, CONFIDENCE, NOTE) VALUES ('T06010010', 'STD-STDTERM', '납세자명', '명V200', 'EXACT_MATCH', 1.0, '');
INSERT INTO MC_TERM_STD_REF (TERM_ID, STD_ID, EXTERNAL_ID, EXTERNAL_NAME, MATCH_TYPE, CONFIDENCE, NOTE) VALUES ('T06010011', 'STD-STDTERM', '대출번호', '번호V50', 'EXACT_MATCH', 1.0, '');
INSERT INTO MC_TERM_STD_REF (TERM_ID, STD_ID, EXTERNAL_ID, EXTERNAL_NAME, MATCH_TYPE, CONFIDENCE, NOTE) VALUES ('T06010012', 'STD-STDTERM', '대출일자', '연월일C8', 'EXACT_MATCH', 1.0, '');
INSERT INTO MC_TERM_STD_REF (TERM_ID, STD_ID, EXTERNAL_ID, EXTERNAL_NAME, MATCH_TYPE, CONFIDENCE, NOTE) VALUES ('T06010013', 'STD-STDTERM', '대출자명', '명V100', 'EXACT_MATCH', 1.0, '');
INSERT INTO MC_TERM_STD_REF (TERM_ID, STD_ID, EXTERNAL_ID, EXTERNAL_NAME, MATCH_TYPE, CONFIDENCE, NOTE) VALUES ('T06010014', 'STD-STDTERM', '예금주명', '명V100', 'EXACT_MATCH', 1.0, '');
INSERT INTO MC_TERM_STD_REF (TERM_ID, STD_ID, EXTERNAL_ID, EXTERNAL_NAME, MATCH_TYPE, CONFIDENCE, NOTE) VALUES ('T06010015', 'STD-STDTERM', '예산번호', '번호V20', 'EXACT_MATCH', 1.0, '');
INSERT INTO MC_TERM_STD_REF (TERM_ID, STD_ID, EXTERNAL_ID, EXTERNAL_NAME, MATCH_TYPE, CONFIDENCE, NOTE) VALUES ('T06010016', 'STD-STDTERM', '증권번호', '번호V50', 'EXACT_MATCH', 1.0, '');
INSERT INTO MC_TERM_STD_REF (TERM_ID, STD_ID, EXTERNAL_ID, EXTERNAL_NAME, MATCH_TYPE, CONFIDENCE, NOTE) VALUES ('T06010017', 'STD-STDTERM', '과세물건명', '명V100', 'EXACT_MATCH', 1.0, '');
INSERT INTO MC_TERM_STD_REF (TERM_ID, STD_ID, EXTERNAL_ID, EXTERNAL_NAME, MATCH_TYPE, CONFIDENCE, NOTE) VALUES ('T06010018', 'STD-STDTERM', '납세자번호', '번호V50', 'EXACT_MATCH', 1.0, '');
INSERT INTO MC_TERM_STD_REF (TERM_ID, STD_ID, EXTERNAL_ID, EXTERNAL_NAME, MATCH_TYPE, CONFIDENCE, NOTE) VALUES ('T06010019', 'STD-STDTERM', '대출과목명', '명V100', 'EXACT_MATCH', 1.0, '');
INSERT INTO MC_TERM_STD_REF (TERM_ID, STD_ID, EXTERNAL_ID, EXTERNAL_NAME, MATCH_TYPE, CONFIDENCE, NOTE) VALUES ('T06010020', 'STD-STDTERM', '대출상품명', '명V200', 'EXACT_MATCH', 1.0, '');
INSERT INTO MC_TERM_STD_REF (TERM_ID, STD_ID, EXTERNAL_ID, EXTERNAL_NAME, MATCH_TYPE, CONFIDENCE, NOTE) VALUES ('T06010021', 'STD-STDTERM', '보험상품명', '명V200', 'EXACT_MATCH', 1.0, '');
INSERT INTO MC_TERM_STD_REF (TERM_ID, STD_ID, EXTERNAL_ID, EXTERNAL_NAME, MATCH_TYPE, CONFIDENCE, NOTE) VALUES ('T06010022', 'STD-STDTERM', '보험종류명', '명V300', 'EXACT_MATCH', 1.0, '');
INSERT INTO MC_TERM_STD_REF (TERM_ID, STD_ID, EXTERNAL_ID, EXTERNAL_NAME, MATCH_TYPE, CONFIDENCE, NOTE) VALUES ('T06010023', 'STD-STDTERM', '보험회사명', '명V100', 'EXACT_MATCH', 1.0, '');
INSERT INTO MC_TERM_STD_REF (TERM_ID, STD_ID, EXTERNAL_ID, EXTERNAL_NAME, MATCH_TYPE, CONFIDENCE, NOTE) VALUES ('T06010024', 'STD-STDTERM', '예금종류명', '명V100', 'EXACT_MATCH', 1.0, '');
INSERT INTO MC_TERM_STD_REF (TERM_ID, STD_ID, EXTERNAL_ID, EXTERNAL_NAME, MATCH_TYPE, CONFIDENCE, NOTE) VALUES ('T06010025', 'STD-STDTERM', '예산과목명', '명V100', 'EXACT_MATCH', 1.0, '');
INSERT INTO MC_TERM_STD_REF (TERM_ID, STD_ID, EXTERNAL_ID, EXTERNAL_NAME, MATCH_TYPE, CONFIDENCE, NOTE) VALUES ('T06010026', 'STD-STDTERM', '예산구분명', '명V100', 'EXACT_MATCH', 1.0, '');
INSERT INTO MC_TERM_STD_REF (TERM_ID, STD_ID, EXTERNAL_ID, EXTERNAL_NAME, MATCH_TYPE, CONFIDENCE, NOTE) VALUES ('T06010027', 'STD-STDTERM', '예산그룹명', '명V100', 'EXACT_MATCH', 1.0, '');
INSERT INTO MC_TERM_STD_REF (TERM_ID, STD_ID, EXTERNAL_ID, EXTERNAL_NAME, MATCH_TYPE, CONFIDENCE, NOTE) VALUES ('T06010028', 'STD-STDTERM', '예산분류명', '명V100', 'EXACT_MATCH', 1.0, '');
INSERT INTO MC_TERM_STD_REF (TERM_ID, STD_ID, EXTERNAL_ID, EXTERNAL_NAME, MATCH_TYPE, CONFIDENCE, NOTE) VALUES ('T06010029', 'STD-STDTERM', '예산사업명', '명V200', 'EXACT_MATCH', 1.0, '');
INSERT INTO MC_TERM_STD_REF (TERM_ID, STD_ID, EXTERNAL_ID, EXTERNAL_NAME, MATCH_TYPE, CONFIDENCE, NOTE) VALUES ('T06010030', 'STD-STDTERM', '예산코드명', '명V200', 'EXACT_MATCH', 1.0, '');
-- 산업경제
INSERT INTO MC_TERM_STD_REF (TERM_ID, STD_ID, EXTERNAL_ID, EXTERNAL_NAME, MATCH_TYPE, CONFIDENCE, NOTE) VALUES ('T07010001', 'STD-KSIC', 'C', '제조업', 'RELATED_MATCH', 0.8, '');
INSERT INTO MC_TERM_STD_REF (TERM_ID, STD_ID, EXTERNAL_ID, EXTERNAL_NAME, MATCH_TYPE, CONFIDENCE, NOTE) VALUES ('T07020001', 'STD-KSIC', '261', '반도체 제조업', 'EXACT_MATCH', 0.95, '');
INSERT INTO MC_TERM_STD_REF (TERM_ID, STD_ID, EXTERNAL_ID, EXTERNAL_NAME, MATCH_TYPE, CONFIDENCE, NOTE) VALUES ('T07010002', 'STD-KSIC', 'ALL', '', 'BROAD_MATCH', 0.7, '');
INSERT INTO MC_TERM_STD_REF (TERM_ID, STD_ID, EXTERNAL_ID, EXTERNAL_NAME, MATCH_TYPE, CONFIDENCE, NOTE) VALUES ('T07020002', 'STD-KSIC', '30', '자동차 및 트레일러 제조업', 'EXACT_MATCH', 0.95, '');
INSERT INTO MC_TERM_STD_REF (TERM_ID, STD_ID, EXTERNAL_ID, EXTERNAL_NAME, MATCH_TYPE, CONFIDENCE, NOTE) VALUES ('T07020003', 'STD-KSIC', '21', '의료용 물질 및 의약품 제조업', 'CLOSE_MATCH', 0.85, '');
INSERT INTO MC_TERM_STD_REF (TERM_ID, STD_ID, EXTERNAL_ID, EXTERNAL_NAME, MATCH_TYPE, CONFIDENCE, NOTE) VALUES ('T07030001', 'STD-KSIC', 'I-U', '서비스업', 'EXACT_MATCH', 0.95, '');
INSERT INTO MC_TERM_STD_REF (TERM_ID, STD_ID, EXTERNAL_ID, EXTERNAL_NAME, MATCH_TYPE, CONFIDENCE, NOTE) VALUES ('T07030002', 'STD-KSIC', 'ALL', '', 'BROAD_MATCH', 0.7, '');
INSERT INTO MC_TERM_STD_REF (TERM_ID, STD_ID, EXTERNAL_ID, EXTERNAL_NAME, MATCH_TYPE, CONFIDENCE, NOTE) VALUES ('T07040001', 'STD-KSIC', 'ALL', '', 'BROAD_MATCH', 0.7, '');
INSERT INTO MC_TERM_STD_REF (TERM_ID, STD_ID, EXTERNAL_ID, EXTERNAL_NAME, MATCH_TYPE, CONFIDENCE, NOTE) VALUES ('T07040003', 'STD-KSIC', 'ALL', '', 'BROAD_MATCH', 0.7, '');
INSERT INTO MC_TERM_STD_REF (TERM_ID, STD_ID, EXTERNAL_ID, EXTERNAL_NAME, MATCH_TYPE, CONFIDENCE, NOTE) VALUES ('T07050001', 'STD-KSIC', 'ALL', '', 'BROAD_MATCH', 0.75, '');
INSERT INTO MC_TERM_STD_REF (TERM_ID, STD_ID, EXTERNAL_ID, EXTERNAL_NAME, MATCH_TYPE, CONFIDENCE, NOTE) VALUES ('T07050002', 'STD-KSIC', '641', '금융업', 'RELATED_MATCH', 0.75, '');
INSERT INTO MC_TERM_STD_REF (TERM_ID, STD_ID, EXTERNAL_ID, EXTERNAL_NAME, MATCH_TYPE, CONFIDENCE, NOTE) VALUES ('T07050003', 'STD-KSIC', 'ALL', '', 'BROAD_MATCH', 0.7, '');
INSERT INTO MC_TERM_STD_REF (TERM_ID, STD_ID, EXTERNAL_ID, EXTERNAL_NAME, MATCH_TYPE, CONFIDENCE, NOTE) VALUES ('T07060001', 'STD-KSIC', '46', '도매 및 상품중개업', 'RELATED_MATCH', 0.75, '');
INSERT INTO MC_TERM_STD_REF (TERM_ID, STD_ID, EXTERNAL_ID, EXTERNAL_NAME, MATCH_TYPE, CONFIDENCE, NOTE) VALUES ('T07010006', 'STD-STDTERM', '공장명', '명V300', 'EXACT_MATCH', 1.0, '');
INSERT INTO MC_TERM_STD_REF (TERM_ID, STD_ID, EXTERNAL_ID, EXTERNAL_NAME, MATCH_TYPE, CONFIDENCE, NOTE) VALUES ('T07010007', 'STD-STDTERM', '기업명', '명V100', 'EXACT_MATCH', 1.0, '');
INSERT INTO MC_TERM_STD_REF (TERM_ID, STD_ID, EXTERNAL_ID, EXTERNAL_NAME, MATCH_TYPE, CONFIDENCE, NOTE) VALUES ('T07010008', 'STD-STDTERM', '업종명', '명V100', 'EXACT_MATCH', 1.0, '');
INSERT INTO MC_TERM_STD_REF (TERM_ID, STD_ID, EXTERNAL_ID, EXTERNAL_NAME, MATCH_TYPE, CONFIDENCE, NOTE) VALUES ('T07010009', 'STD-STDTERM', '기업번호', '번호V20', 'EXACT_MATCH', 1.0, '');
INSERT INTO MC_TERM_STD_REF (TERM_ID, STD_ID, EXTERNAL_ID, EXTERNAL_NAME, MATCH_TYPE, CONFIDENCE, NOTE) VALUES ('T07010010', 'STD-STDTERM', '모기업명', '명V100', 'EXACT_MATCH', 1.0, '');
INSERT INTO MC_TERM_STD_REF (TERM_ID, STD_ID, EXTERNAL_ID, EXTERNAL_NAME, MATCH_TYPE, CONFIDENCE, NOTE) VALUES ('T07010011', 'STD-STDTERM', '제조번호', '번호V50', 'EXACT_MATCH', 1.0, '');
INSERT INTO MC_TERM_STD_REF (TERM_ID, STD_ID, EXTERNAL_ID, EXTERNAL_NAME, MATCH_TYPE, CONFIDENCE, NOTE) VALUES ('T07010012', 'STD-STDTERM', '제조사명', '명V100', 'EXACT_MATCH', 1.0, '');
INSERT INTO MC_TERM_STD_REF (TERM_ID, STD_ID, EXTERNAL_ID, EXTERNAL_NAME, MATCH_TYPE, CONFIDENCE, NOTE) VALUES ('T07010013', 'STD-STDTERM', '제조일자', '연월일C8', 'EXACT_MATCH', 1.0, '');
INSERT INTO MC_TERM_STD_REF (TERM_ID, STD_ID, EXTERNAL_ID, EXTERNAL_NAME, MATCH_TYPE, CONFIDENCE, NOTE) VALUES ('T07010014', 'STD-STDTERM', '구매기업명', '명V100', 'EXACT_MATCH', 1.0, '');
INSERT INTO MC_TERM_STD_REF (TERM_ID, STD_ID, EXTERNAL_ID, EXTERNAL_NAME, MATCH_TYPE, CONFIDENCE, NOTE) VALUES ('T07010015', 'STD-STDTERM', '기업구분명', '명V100', 'EXACT_MATCH', 1.0, '');
INSERT INTO MC_TERM_STD_REF (TERM_ID, STD_ID, EXTERNAL_ID, EXTERNAL_NAME, MATCH_TYPE, CONFIDENCE, NOTE) VALUES ('T07010016', 'STD-STDTERM', '기업규모명', '명V100', 'EXACT_MATCH', 1.0, '');
INSERT INTO MC_TERM_STD_REF (TERM_ID, STD_ID, EXTERNAL_ID, EXTERNAL_NAME, MATCH_TYPE, CONFIDENCE, NOTE) VALUES ('T07010017', 'STD-STDTERM', '기업분류명', '명V200', 'EXACT_MATCH', 1.0, '');
INSERT INTO MC_TERM_STD_REF (TERM_ID, STD_ID, EXTERNAL_ID, EXTERNAL_NAME, MATCH_TYPE, CONFIDENCE, NOTE) VALUES ('T07010018', 'STD-STDTERM', '기업상태명', '명V300', 'EXACT_MATCH', 1.0, '');
INSERT INTO MC_TERM_STD_REF (TERM_ID, STD_ID, EXTERNAL_ID, EXTERNAL_NAME, MATCH_TYPE, CONFIDENCE, NOTE) VALUES ('T07010019', 'STD-STDTERM', '기업집단명', '명V200', 'EXACT_MATCH', 1.0, '');
INSERT INTO MC_TERM_STD_REF (TERM_ID, STD_ID, EXTERNAL_ID, EXTERNAL_NAME, MATCH_TYPE, CONFIDENCE, NOTE) VALUES ('T07010020', 'STD-STDTERM', '기업형태명', '명V100', 'EXACT_MATCH', 1.0, '');
INSERT INTO MC_TERM_STD_REF (TERM_ID, STD_ID, EXTERNAL_ID, EXTERNAL_NAME, MATCH_TYPE, CONFIDENCE, NOTE) VALUES ('T07010021', 'STD-STDTERM', '사업종류명', '명V300', 'EXACT_MATCH', 1.0, '');
INSERT INTO MC_TERM_STD_REF (TERM_ID, STD_ID, EXTERNAL_ID, EXTERNAL_NAME, MATCH_TYPE, CONFIDENCE, NOTE) VALUES ('T07010022', 'STD-STDTERM', '사업종목명', '명V100', 'EXACT_MATCH', 1.0, '');
INSERT INTO MC_TERM_STD_REF (TERM_ID, STD_ID, EXTERNAL_ID, EXTERNAL_NAME, MATCH_TYPE, CONFIDENCE, NOTE) VALUES ('T07010023', 'STD-STDTERM', '상세업종명', '명V100', 'EXACT_MATCH', 1.0, '');
INSERT INTO MC_TERM_STD_REF (TERM_ID, STD_ID, EXTERNAL_ID, EXTERNAL_NAME, MATCH_TYPE, CONFIDENCE, NOTE) VALUES ('T07010024', 'STD-STDTERM', '신청기업명', '명V200', 'EXACT_MATCH', 1.0, '');
INSERT INTO MC_TERM_STD_REF (TERM_ID, STD_ID, EXTERNAL_ID, EXTERNAL_NAME, MATCH_TYPE, CONFIDENCE, NOTE) VALUES ('T07010025', 'STD-STDTERM', '업종분류명', '명V100', 'EXACT_MATCH', 1.0, '');
INSERT INTO MC_TERM_STD_REF (TERM_ID, STD_ID, EXTERNAL_ID, EXTERNAL_NAME, MATCH_TYPE, CONFIDENCE, NOTE) VALUES ('T07010026', 'STD-STDTERM', '업종영문명', '명V100', 'EXACT_MATCH', 1.0, '');
INSERT INTO MC_TERM_STD_REF (TERM_ID, STD_ID, EXTERNAL_ID, EXTERNAL_NAME, MATCH_TYPE, CONFIDENCE, NOTE) VALUES ('T07010027', 'STD-STDTERM', '업종코드명', '명V100', 'EXACT_MATCH', 1.0, '');
INSERT INTO MC_TERM_STD_REF (TERM_ID, STD_ID, EXTERNAL_ID, EXTERNAL_NAME, MATCH_TYPE, CONFIDENCE, NOTE) VALUES ('T07010028', 'STD-STDTERM', '제공장소명', '명V100', 'EXACT_MATCH', 1.0, '');
INSERT INTO MC_TERM_STD_REF (TERM_ID, STD_ID, EXTERNAL_ID, EXTERNAL_NAME, MATCH_TYPE, CONFIDENCE, NOTE) VALUES ('T07010029', 'STD-STDTERM', '제조국가명', '명V100', 'EXACT_MATCH', 1.0, '');
INSERT INTO MC_TERM_STD_REF (TERM_ID, STD_ID, EXTERNAL_ID, EXTERNAL_NAME, MATCH_TYPE, CONFIDENCE, NOTE) VALUES ('T07010030', 'STD-STDTERM', '제한업종명', '명V100', 'EXACT_MATCH', 1.0, '');
-- 디지털커머스
INSERT INTO MC_TERM_STD_REF (TERM_ID, STD_ID, EXTERNAL_ID, EXTERNAL_NAME, MATCH_TYPE, CONFIDENCE, NOTE) VALUES ('T08010001', 'STD-KSIC', '525', '전자상거래 소매중개업', 'EXACT_MATCH', 0.9, '');
INSERT INTO MC_TERM_STD_REF (TERM_ID, STD_ID, EXTERNAL_ID, EXTERNAL_NAME, MATCH_TYPE, CONFIDENCE, NOTE) VALUES ('T08010001', 'STD-GS1', 'eCommerce', 'GS1 eCommerce Standards', 'BROAD_MATCH', 0.85, '글로벌 유통·물류·전자상거래 표준');
INSERT INTO MC_TERM_STD_REF (TERM_ID, STD_ID, EXTERNAL_ID, EXTERNAL_NAME, MATCH_TYPE, CONFIDENCE, NOTE) VALUES ('T08010001', 'STD-SCHEMA', 'WebSite, WebPage', 'Schema.org WebSite/WebPage', 'BROAD_MATCH', 0.8, '웹 구조화 데이터 표준');
INSERT INTO MC_TERM_STD_REF (TERM_ID, STD_ID, EXTERNAL_ID, EXTERNAL_NAME, MATCH_TYPE, CONFIDENCE, NOTE) VALUES ('T08010002', 'STD-KSIC', '525', '전자상거래 소매중개업', 'CLOSE_MATCH', 0.9, '');
INSERT INTO MC_TERM_STD_REF (TERM_ID, STD_ID, EXTERNAL_ID, EXTERNAL_NAME, MATCH_TYPE, CONFIDENCE, NOTE) VALUES ('T08020001', 'STD-KSIC', '525', '전자상거래 소매중개업', 'NARROW_MATCH', 0.85, '');
INSERT INTO MC_TERM_STD_REF (TERM_ID, STD_ID, EXTERNAL_ID, EXTERNAL_NAME, MATCH_TYPE, CONFIDENCE, NOTE) VALUES ('T08020001', 'STD-SCHEMA', 'Product, Offer', 'Schema.org Product/Offer', 'RELATED_MATCH', 0.75, '');
INSERT INTO MC_TERM_STD_REF (TERM_ID, STD_ID, EXTERNAL_ID, EXTERNAL_NAME, MATCH_TYPE, CONFIDENCE, NOTE) VALUES ('T08020002', 'STD-KSIC', '525', '전자상거래 소매중개업', 'RELATED_MATCH', 0.8, '');
INSERT INTO MC_TERM_STD_REF (TERM_ID, STD_ID, EXTERNAL_ID, EXTERNAL_NAME, MATCH_TYPE, CONFIDENCE, NOTE) VALUES ('T08030001', 'STD-KSIC', '661', '금융 지원 서비스업', 'RELATED_MATCH', 0.8, '');
INSERT INTO MC_TERM_STD_REF (TERM_ID, STD_ID, EXTERNAL_ID, EXTERNAL_NAME, MATCH_TYPE, CONFIDENCE, NOTE) VALUES ('T08030001', 'STD-SCHEMA', 'PaymentMethod', 'Schema.org PaymentMethod', 'EXACT_MATCH', 0.9, '');
INSERT INTO MC_TERM_STD_REF (TERM_ID, STD_ID, EXTERNAL_ID, EXTERNAL_NAME, MATCH_TYPE, CONFIDENCE, NOTE) VALUES ('T08030002', 'STD-KSIC', '661', '금융 지원 서비스업', 'NARROW_MATCH', 0.8, '');
INSERT INTO MC_TERM_STD_REF (TERM_ID, STD_ID, EXTERNAL_ID, EXTERNAL_NAME, MATCH_TYPE, CONFIDENCE, NOTE) VALUES ('T08030002', 'STD-SCHEMA', 'PaymentMethod', 'Schema.org PaymentMethod', 'RELATED_MATCH', 0.85, 'Buy Now Pay Later 결제 방식');
INSERT INTO MC_TERM_STD_REF (TERM_ID, STD_ID, EXTERNAL_ID, EXTERNAL_NAME, MATCH_TYPE, CONFIDENCE, NOTE) VALUES ('T08040001', 'STD-KSIC', 'H', '운수 및 창고업', 'BROAD_MATCH', 0.85, '');
INSERT INTO MC_TERM_STD_REF (TERM_ID, STD_ID, EXTERNAL_ID, EXTERNAL_NAME, MATCH_TYPE, CONFIDENCE, NOTE) VALUES ('T08040001', 'STD-GS1', 'Logistics', 'GS1 Logistics Standards', 'BROAD_MATCH', 0.85, '주문처리·재고관리·배송 통합');
INSERT INTO MC_TERM_STD_REF (TERM_ID, STD_ID, EXTERNAL_ID, EXTERNAL_NAME, MATCH_TYPE, CONFIDENCE, NOTE) VALUES ('T08040002', 'STD-GS1', 'GLN', 'Global Location Number', 'RELATED_MATCH', 0.75, '최종 배송지 위치식별');
INSERT INTO MC_TERM_STD_REF (TERM_ID, STD_ID, EXTERNAL_ID, EXTERNAL_NAME, MATCH_TYPE, CONFIDENCE, NOTE) VALUES ('T08050001', 'STD-KSIC', '525', '전자상거래 소매중개업', 'NARROW_MATCH', 0.85, '');
INSERT INTO MC_TERM_STD_REF (TERM_ID, STD_ID, EXTERNAL_ID, EXTERNAL_NAME, MATCH_TYPE, CONFIDENCE, NOTE) VALUES ('T08050001', 'STD-SCHEMA', 'BroadcastEvent, Product', 'Schema.org BroadcastEvent/Product', 'RELATED_MATCH', 0.8, '');
INSERT INTO MC_TERM_STD_REF (TERM_ID, STD_ID, EXTERNAL_ID, EXTERNAL_NAME, MATCH_TYPE, CONFIDENCE, NOTE) VALUES ('T08050002', 'STD-SCHEMA', 'Subscription', 'Schema.org Subscription', 'EXACT_MATCH', 0.9, '');
INSERT INTO MC_TERM_STD_REF (TERM_ID, STD_ID, EXTERNAL_ID, EXTERNAL_NAME, MATCH_TYPE, CONFIDENCE, NOTE) VALUES ('T08010004', 'STD-STDTERM', '배송일자', '연월일C8', 'EXACT_MATCH', 1.0, '');
INSERT INTO MC_TERM_STD_REF (TERM_ID, STD_ID, EXTERNAL_ID, EXTERNAL_NAME, MATCH_TYPE, CONFIDENCE, NOTE) VALUES ('T08010005', 'STD-STDTERM', '주문번호', '번호V50', 'EXACT_MATCH', 1.0, '');
INSERT INTO MC_TERM_STD_REF (TERM_ID, STD_ID, EXTERNAL_ID, EXTERNAL_NAME, MATCH_TYPE, CONFIDENCE, NOTE) VALUES ('T08010005', 'STD-SCHEMA', 'OrderNumber', 'Schema.org Order.orderNumber', 'EXACT_MATCH', 0.95, '');
INSERT INTO MC_TERM_STD_REF (TERM_ID, STD_ID, EXTERNAL_ID, EXTERNAL_NAME, MATCH_TYPE, CONFIDENCE, NOTE) VALUES ('T08010006', 'STD-STDTERM', '바코드번호', '번호V50', 'EXACT_MATCH', 1.0, '');
INSERT INTO MC_TERM_STD_REF (TERM_ID, STD_ID, EXTERNAL_ID, EXTERNAL_NAME, MATCH_TYPE, CONFIDENCE, NOTE) VALUES ('T08010006', 'STD-GS1', 'GTIN', 'Global Trade Item Number', 'EXACT_MATCH', 0.95, 'GS1 글로벌 상품식별번호 (바코드)');
INSERT INTO MC_TERM_STD_REF (TERM_ID, STD_ID, EXTERNAL_ID, EXTERNAL_NAME, MATCH_TYPE, CONFIDENCE, NOTE) VALUES ('T08010007', 'STD-STDTERM', 'PG거래번호', '번호V20', 'EXACT_MATCH', 1.0, '');
INSERT INTO MC_TERM_STD_REF (TERM_ID, STD_ID, EXTERNAL_ID, EXTERNAL_NAME, MATCH_TYPE, CONFIDENCE, NOTE) VALUES ('T08010008', 'STD-STDTERM', '배송지우편번호', '우편번호C5', 'EXACT_MATCH', 1.0, '');
INSERT INTO MC_TERM_STD_REF (TERM_ID, STD_ID, EXTERNAL_ID, EXTERNAL_NAME, MATCH_TYPE, CONFIDENCE, NOTE) VALUES ('T08010009', 'STD-STDTERM', '배송비', '비용N15', 'EXACT_MATCH', 1.0, '');
INSERT INTO MC_TERM_STD_REF (TERM_ID, STD_ID, EXTERNAL_ID, EXTERNAL_NAME, MATCH_TYPE, CONFIDENCE, NOTE) VALUES ('T08010009', 'STD-SCHEMA', 'DeliveryChargeSpecification', 'Schema.org DeliveryChargeSpecification', 'EXACT_MATCH', 0.9, '');
INSERT INTO MC_TERM_STD_REF (TERM_ID, STD_ID, EXTERNAL_ID, EXTERNAL_NAME, MATCH_TYPE, CONFIDENCE, NOTE) VALUES ('T08010010', 'STD-STDTERM', '배송여부', '여부C1', 'EXACT_MATCH', 1.0, '');
INSERT INTO MC_TERM_STD_REF (TERM_ID, STD_ID, EXTERNAL_ID, EXTERNAL_NAME, MATCH_TYPE, CONFIDENCE, NOTE) VALUES ('T08010011', 'STD-STDTERM', '배송지주소', '주소V200', 'EXACT_MATCH', 1.0, '');
INSERT INTO MC_TERM_STD_REF (TERM_ID, STD_ID, EXTERNAL_ID, EXTERNAL_NAME, MATCH_TYPE, CONFIDENCE, NOTE) VALUES ('T08010011', 'STD-SCHEMA', 'PostalAddress', 'Schema.org PostalAddress', 'EXACT_MATCH', 0.95, '');
INSERT INTO MC_TERM_STD_REF (TERM_ID, STD_ID, EXTERNAL_ID, EXTERNAL_NAME, MATCH_TYPE, CONFIDENCE, NOTE) VALUES ('T08010011', 'STD-GS1', 'GLN', 'Global Location Number', 'RELATED_MATCH', 0.8, '');
INSERT INTO MC_TERM_STD_REF (TERM_ID, STD_ID, EXTERNAL_ID, EXTERNAL_NAME, MATCH_TYPE, CONFIDENCE, NOTE) VALUES ('T08010012', 'STD-STDTERM', '배송지상세주소', '상세주소V200', 'EXACT_MATCH', 1.0, '');
-- 문화관광
INSERT INTO MC_TERM_STD_REF (TERM_ID, STD_ID, EXTERNAL_ID, EXTERNAL_NAME, MATCH_TYPE, CONFIDENCE, NOTE) VALUES ('T09010001', 'STD-UNESCO', 'concept7541', 'Cultural heritage', 'EXACT_MATCH', 0.95, '');
INSERT INTO MC_TERM_STD_REF (TERM_ID, STD_ID, EXTERNAL_ID, EXTERNAL_NAME, MATCH_TYPE, CONFIDENCE, NOTE) VALUES ('T09010002', 'STD-UNESCO', 'concept7541', 'Cultural heritage', 'NARROW_MATCH', 0.9, '');
INSERT INTO MC_TERM_STD_REF (TERM_ID, STD_ID, EXTERNAL_ID, EXTERNAL_NAME, MATCH_TYPE, CONFIDENCE, NOTE) VALUES ('T09010003', 'STD-UNESCO', 'concept451', 'Intangible cultural heritage', 'EXACT_MATCH', 0.95, '');
INSERT INTO MC_TERM_STD_REF (TERM_ID, STD_ID, EXTERNAL_ID, EXTERNAL_NAME, MATCH_TYPE, CONFIDENCE, NOTE) VALUES ('T09010004', 'STD-UNESCO', 'concept7541', 'Cultural heritage', 'NARROW_MATCH', 0.9, '');
INSERT INTO MC_TERM_STD_REF (TERM_ID, STD_ID, EXTERNAL_ID, EXTERNAL_NAME, MATCH_TYPE, CONFIDENCE, NOTE) VALUES ('T09010005', 'STD-UNESCO', 'concept7832', 'World heritage', 'EXACT_MATCH', 0.95, '');
INSERT INTO MC_TERM_STD_REF (TERM_ID, STD_ID, EXTERNAL_ID, EXTERNAL_NAME, MATCH_TYPE, CONFIDENCE, NOTE) VALUES ('T09020001', 'STD-UNESCO', 'concept1756', 'Performing arts', 'EXACT_MATCH', 0.95, '');
INSERT INTO MC_TERM_STD_REF (TERM_ID, STD_ID, EXTERNAL_ID, EXTERNAL_NAME, MATCH_TYPE, CONFIDENCE, NOTE) VALUES ('T09020002', 'STD-UNESCO', 'concept6974', 'Tourism', 'NARROW_MATCH', 0.85, '');
INSERT INTO MC_TERM_STD_REF (TERM_ID, STD_ID, EXTERNAL_ID, EXTERNAL_NAME, MATCH_TYPE, CONFIDENCE, NOTE) VALUES ('T09030001', 'STD-UNESCO', 'concept2513', 'Cinema', 'EXACT_MATCH', 0.95, '');
INSERT INTO MC_TERM_STD_REF (TERM_ID, STD_ID, EXTERNAL_ID, EXTERNAL_NAME, MATCH_TYPE, CONFIDENCE, NOTE) VALUES ('T09030002', 'STD-UNESCO', 'concept923', 'Broadcasting', 'EXACT_MATCH', 0.95, '');
INSERT INTO MC_TERM_STD_REF (TERM_ID, STD_ID, EXTERNAL_ID, EXTERNAL_NAME, MATCH_TYPE, CONFIDENCE, NOTE) VALUES ('T09030003', 'STD-UNESCO', 'concept5049', 'Museums', 'NARROW_MATCH', 0.9, '');
INSERT INTO MC_TERM_STD_REF (TERM_ID, STD_ID, EXTERNAL_ID, EXTERNAL_NAME, MATCH_TYPE, CONFIDENCE, NOTE) VALUES ('T09030005', 'STD-UNESCO', 'concept4554', 'Libraries', 'EXACT_MATCH', 0.95, '');
INSERT INTO MC_TERM_STD_REF (TERM_ID, STD_ID, EXTERNAL_ID, EXTERNAL_NAME, MATCH_TYPE, CONFIDENCE, NOTE) VALUES ('T09040001', 'STD-UNESCO', 'concept6974', 'Tourism', 'NARROW_MATCH', 0.85, '');
INSERT INTO MC_TERM_STD_REF (TERM_ID, STD_ID, EXTERNAL_ID, EXTERNAL_NAME, MATCH_TYPE, CONFIDENCE, NOTE) VALUES ('T09040002', 'STD-UNESCO', 'concept3381', 'Exhibitions', 'EXACT_MATCH', 0.9, '');
INSERT INTO MC_TERM_STD_REF (TERM_ID, STD_ID, EXTERNAL_ID, EXTERNAL_NAME, MATCH_TYPE, CONFIDENCE, NOTE) VALUES ('T09040003', 'STD-UNESCO', 'concept2551', 'Festivals', 'EXACT_MATCH', 0.95, '');
INSERT INTO MC_TERM_STD_REF (TERM_ID, STD_ID, EXTERNAL_ID, EXTERNAL_NAME, MATCH_TYPE, CONFIDENCE, NOTE) VALUES ('T09050001', 'STD-UNESCO', 'concept6372', 'Sport', 'EXACT_MATCH', 0.95, '');
INSERT INTO MC_TERM_STD_REF (TERM_ID, STD_ID, EXTERNAL_ID, EXTERNAL_NAME, MATCH_TYPE, CONFIDENCE, NOTE) VALUES ('T09010006', 'STD-STDTERM', '공연명', '명V200', 'EXACT_MATCH', 1.0, '');
INSERT INTO MC_TERM_STD_REF (TERM_ID, STD_ID, EXTERNAL_ID, EXTERNAL_NAME, MATCH_TYPE, CONFIDENCE, NOTE) VALUES ('T09010007', 'STD-STDTERM', '전시명', '명V100', 'EXACT_MATCH', 1.0, '');
INSERT INTO MC_TERM_STD_REF (TERM_ID, STD_ID, EXTERNAL_ID, EXTERNAL_NAME, MATCH_TYPE, CONFIDENCE, NOTE) VALUES ('T09010008', 'STD-STDTERM', '공연일자', '연월일C8', 'EXACT_MATCH', 1.0, '');
INSERT INTO MC_TERM_STD_REF (TERM_ID, STD_ID, EXTERNAL_ID, EXTERNAL_NAME, MATCH_TYPE, CONFIDENCE, NOTE) VALUES ('T09010009', 'STD-STDTERM', '관광지명', '명V100', 'EXACT_MATCH', 1.0, '');
INSERT INTO MC_TERM_STD_REF (TERM_ID, STD_ID, EXTERNAL_ID, EXTERNAL_NAME, MATCH_TYPE, CONFIDENCE, NOTE) VALUES ('T09010010', 'STD-STDTERM', '문화재명', '명V200', 'EXACT_MATCH', 1.0, '');
INSERT INTO MC_TERM_STD_REF (TERM_ID, STD_ID, EXTERNAL_ID, EXTERNAL_NAME, MATCH_TYPE, CONFIDENCE, NOTE) VALUES ('T09010011', 'STD-STDTERM', '박물관명', '명V100', 'EXACT_MATCH', 1.0, '');
INSERT INTO MC_TERM_STD_REF (TERM_ID, STD_ID, EXTERNAL_ID, EXTERNAL_NAME, MATCH_TYPE, CONFIDENCE, NOTE) VALUES ('T09010012', 'STD-STDTERM', '공연장소명', '명V100', 'EXACT_MATCH', 1.0, '');
INSERT INTO MC_TERM_STD_REF (TERM_ID, STD_ID, EXTERNAL_ID, EXTERNAL_NAME, MATCH_TYPE, CONFIDENCE, NOTE) VALUES ('T09010013', 'STD-STDTERM', '문화재설명', '내용V4000', 'EXACT_MATCH', 1.0, '');
INSERT INTO MC_TERM_STD_REF (TERM_ID, STD_ID, EXTERNAL_ID, EXTERNAL_NAME, MATCH_TYPE, CONFIDENCE, NOTE) VALUES ('T09010014', 'STD-STDTERM', '공연시작일자', '연월일C8', 'EXACT_MATCH', 1.0, '');
INSERT INTO MC_TERM_STD_REF (TERM_ID, STD_ID, EXTERNAL_ID, EXTERNAL_NAME, MATCH_TYPE, CONFIDENCE, NOTE) VALUES ('T09010015', 'STD-STDTERM', '공연종료일자', '연월일C8', 'EXACT_MATCH', 1.0, '');
INSERT INTO MC_TERM_STD_REF (TERM_ID, STD_ID, EXTERNAL_ID, EXTERNAL_NAME, MATCH_TYPE, CONFIDENCE, NOTE) VALUES ('T09010016', 'STD-STDTERM', '운전시작일자', '연월일C8', 'EXACT_MATCH', 1.0, '');
INSERT INTO MC_TERM_STD_REF (TERM_ID, STD_ID, EXTERNAL_ID, EXTERNAL_NAME, MATCH_TYPE, CONFIDENCE, NOTE) VALUES ('T09010017', 'STD-STDTERM', '전시시작일자', '연월일C8', 'EXACT_MATCH', 1.0, '');
INSERT INTO MC_TERM_STD_REF (TERM_ID, STD_ID, EXTERNAL_ID, EXTERNAL_NAME, MATCH_TYPE, CONFIDENCE, NOTE) VALUES ('T09010018', 'STD-STDTERM', '전시일련번호', '일련번호N10', 'EXACT_MATCH', 1.0, '');
INSERT INTO MC_TERM_STD_REF (TERM_ID, STD_ID, EXTERNAL_ID, EXTERNAL_NAME, MATCH_TYPE, CONFIDENCE, NOTE) VALUES ('T09010019', 'STD-STDTERM', '전시종료일자', '연월일C8', 'EXACT_MATCH', 1.0, '');
INSERT INTO MC_TERM_STD_REF (TERM_ID, STD_ID, EXTERNAL_ID, EXTERNAL_NAME, MATCH_TYPE, CONFIDENCE, NOTE) VALUES ('T09010020', 'STD-STDTERM', '변경이전시도명', '명V100', 'EXACT_MATCH', 1.0, '');
INSERT INTO MC_TERM_STD_REF (TERM_ID, STD_ID, EXTERNAL_ID, EXTERNAL_NAME, MATCH_TYPE, CONFIDENCE, NOTE) VALUES ('T09010021', 'STD-STDTERM', '변경이전시군구명', '명V40', 'EXACT_MATCH', 1.0, '');
INSERT INTO MC_TERM_STD_REF (TERM_ID, STD_ID, EXTERNAL_ID, EXTERNAL_NAME, MATCH_TYPE, CONFIDENCE, NOTE) VALUES ('T09010022', 'STD-STDTERM', '공연내용', '내용V4000', 'EXACT_MATCH', 1.0, '');
INSERT INTO MC_TERM_STD_REF (TERM_ID, STD_ID, EXTERNAL_ID, EXTERNAL_NAME, MATCH_TYPE, CONFIDENCE, NOTE) VALUES ('T09010023', 'STD-STDTERM', '공연시간', '시분초C6', 'EXACT_MATCH', 1.0, '');
INSERT INTO MC_TERM_STD_REF (TERM_ID, STD_ID, EXTERNAL_ID, EXTERNAL_NAME, MATCH_TYPE, CONFIDENCE, NOTE) VALUES ('T09010024', 'STD-STDTERM', '공연일시', '연월일시분초D', 'EXACT_MATCH', 1.0, '');
INSERT INTO MC_TERM_STD_REF (TERM_ID, STD_ID, EXTERNAL_ID, EXTERNAL_NAME, MATCH_TYPE, CONFIDENCE, NOTE) VALUES ('T09010025', 'STD-STDTERM', '여행목적', '내용V4000', 'EXACT_MATCH', 1.0, '');
INSERT INTO MC_TERM_STD_REF (TERM_ID, STD_ID, EXTERNAL_ID, EXTERNAL_NAME, MATCH_TYPE, CONFIDENCE, NOTE) VALUES ('T09010026', 'STD-STDTERM', '영화제목', '명V256', 'EXACT_MATCH', 1.0, '');
INSERT INTO MC_TERM_STD_REF (TERM_ID, STD_ID, EXTERNAL_ID, EXTERNAL_NAME, MATCH_TYPE, CONFIDENCE, NOTE) VALUES ('T09010027', 'STD-STDTERM', '운전시간', '시분초C6', 'EXACT_MATCH', 1.0, '');
INSERT INTO MC_TERM_STD_REF (TERM_ID, STD_ID, EXTERNAL_ID, EXTERNAL_NAME, MATCH_TYPE, CONFIDENCE, NOTE) VALUES ('T09010028', 'STD-STDTERM', '전시내용', '내용V4000', 'EXACT_MATCH', 1.0, '');
INSERT INTO MC_TERM_STD_REF (TERM_ID, STD_ID, EXTERNAL_ID, EXTERNAL_NAME, MATCH_TYPE, CONFIDENCE, NOTE) VALUES ('T09010029', 'STD-STDTERM', '준공연도', '연도C4', 'EXACT_MATCH', 1.0, '');
INSERT INTO MC_TERM_STD_REF (TERM_ID, STD_ID, EXTERNAL_ID, EXTERNAL_NAME, MATCH_TYPE, CONFIDENCE, NOTE) VALUES ('T09010030', 'STD-STDTERM', '준공연월', '연월C6', 'EXACT_MATCH', 1.0, '');
-- 환경기상
INSERT INTO MC_TERM_STD_REF (TERM_ID, STD_ID, EXTERNAL_ID, EXTERNAL_NAME, MATCH_TYPE, CONFIDENCE, NOTE) VALUES ('T10010001', 'STD-DATAGOkr', '환경기상', '', 'NARROW_MATCH', 0.85, '');
INSERT INTO MC_TERM_STD_REF (TERM_ID, STD_ID, EXTERNAL_ID, EXTERNAL_NAME, MATCH_TYPE, CONFIDENCE, NOTE) VALUES ('T10010002', 'STD-DATAGOkr', '환경기상', '', 'NARROW_MATCH', 0.85, '');
INSERT INTO MC_TERM_STD_REF (TERM_ID, STD_ID, EXTERNAL_ID, EXTERNAL_NAME, MATCH_TYPE, CONFIDENCE, NOTE) VALUES ('T10010003', 'STD-DATAGOkr', '환경기상', '', 'NARROW_MATCH', 0.85, '');
INSERT INTO MC_TERM_STD_REF (TERM_ID, STD_ID, EXTERNAL_ID, EXTERNAL_NAME, MATCH_TYPE, CONFIDENCE, NOTE) VALUES ('T10010004', 'STD-DATAGOkr', '환경기상', '', 'NARROW_MATCH', 0.9, '');
INSERT INTO MC_TERM_STD_REF (TERM_ID, STD_ID, EXTERNAL_ID, EXTERNAL_NAME, MATCH_TYPE, CONFIDENCE, NOTE) VALUES ('T10010005', 'STD-DATAGOkr', '환경기상', '', 'NARROW_MATCH', 0.9, '');
INSERT INTO MC_TERM_STD_REF (TERM_ID, STD_ID, EXTERNAL_ID, EXTERNAL_NAME, MATCH_TYPE, CONFIDENCE, NOTE) VALUES ('T10010005', 'STD-UNESCO', 'concept264', 'Air pollution', 'NARROW_MATCH', 0.85, '');
INSERT INTO MC_TERM_STD_REF (TERM_ID, STD_ID, EXTERNAL_ID, EXTERNAL_NAME, MATCH_TYPE, CONFIDENCE, NOTE) VALUES ('T10020001', 'STD-UNESCO', 'concept1346', 'Climate change', 'EXACT_MATCH', 0.95, '');
INSERT INTO MC_TERM_STD_REF (TERM_ID, STD_ID, EXTERNAL_ID, EXTERNAL_NAME, MATCH_TYPE, CONFIDENCE, NOTE) VALUES ('T10020002', 'STD-UNESCO', 'concept1346', 'Climate change', 'RELATED_MATCH', 0.85, '');
INSERT INTO MC_TERM_STD_REF (TERM_ID, STD_ID, EXTERNAL_ID, EXTERNAL_NAME, MATCH_TYPE, CONFIDENCE, NOTE) VALUES ('T10020003', 'STD-UNESCO', 'concept1346', 'Climate change', 'RELATED_MATCH', 0.85, '');
INSERT INTO MC_TERM_STD_REF (TERM_ID, STD_ID, EXTERNAL_ID, EXTERNAL_NAME, MATCH_TYPE, CONFIDENCE, NOTE) VALUES ('T10030001', 'STD-UNESCO', 'concept5459', 'Renewable energy', 'EXACT_MATCH', 0.95, '');
INSERT INTO MC_TERM_STD_REF (TERM_ID, STD_ID, EXTERNAL_ID, EXTERNAL_NAME, MATCH_TYPE, CONFIDENCE, NOTE) VALUES ('T10030002', 'STD-DATAGOkr', '환경기상', '', 'NARROW_MATCH', 0.9, '');
INSERT INTO MC_TERM_STD_REF (TERM_ID, STD_ID, EXTERNAL_ID, EXTERNAL_NAME, MATCH_TYPE, CONFIDENCE, NOTE) VALUES ('T10030003', 'STD-DATAGOkr', '환경기상', '', 'NARROW_MATCH', 0.9, '');
INSERT INTO MC_TERM_STD_REF (TERM_ID, STD_ID, EXTERNAL_ID, EXTERNAL_NAME, MATCH_TYPE, CONFIDENCE, NOTE) VALUES ('T10040001', 'STD-UNESCO', 'concept2265', 'Ecosystems', 'EXACT_MATCH', 0.95, '');
INSERT INTO MC_TERM_STD_REF (TERM_ID, STD_ID, EXTERNAL_ID, EXTERNAL_NAME, MATCH_TYPE, CONFIDENCE, NOTE) VALUES ('T10050001', 'STD-UNESCO', 'concept2812', 'Environmental protection', 'EXACT_MATCH', 0.95, '');
INSERT INTO MC_TERM_STD_REF (TERM_ID, STD_ID, EXTERNAL_ID, EXTERNAL_NAME, MATCH_TYPE, CONFIDENCE, NOTE) VALUES ('T10010007', 'STD-STDTERM', '온실가스배출량', '수N10,3', 'EXACT_MATCH', 1.0, '');
INSERT INTO MC_TERM_STD_REF (TERM_ID, STD_ID, EXTERNAL_ID, EXTERNAL_NAME, MATCH_TYPE, CONFIDENCE, NOTE) VALUES ('T10010008', 'STD-STDTERM', '일산화탄소지수', '율N7,2', 'EXACT_MATCH', 1.0, '');
INSERT INTO MC_TERM_STD_REF (TERM_ID, STD_ID, EXTERNAL_ID, EXTERNAL_NAME, MATCH_TYPE, CONFIDENCE, NOTE) VALUES ('T10010009', 'STD-STDTERM', '재활용방법내용', '내용V4000', 'EXACT_MATCH', 1.0, '');
-- 과학기술
INSERT INTO MC_TERM_STD_REF (TERM_ID, STD_ID, EXTERNAL_ID, EXTERNAL_NAME, MATCH_TYPE, CONFIDENCE, NOTE) VALUES ('T11010001', 'STD-OECD-FOS', 'ALL', '', 'BROAD_MATCH', 0.8, '');
INSERT INTO MC_TERM_STD_REF (TERM_ID, STD_ID, EXTERNAL_ID, EXTERNAL_NAME, MATCH_TYPE, CONFIDENCE, NOTE) VALUES ('T11010002', 'STD-OECD-FOS', 'ALL', '', 'BROAD_MATCH', 0.8, '');
INSERT INTO MC_TERM_STD_REF (TERM_ID, STD_ID, EXTERNAL_ID, EXTERNAL_NAME, MATCH_TYPE, CONFIDENCE, NOTE) VALUES ('T11020001', 'STD-OECD-FOS', '1.3', 'Physical sciences', 'EXACT_MATCH', 0.95, '');
INSERT INTO MC_TERM_STD_REF (TERM_ID, STD_ID, EXTERNAL_ID, EXTERNAL_NAME, MATCH_TYPE, CONFIDENCE, NOTE) VALUES ('T11020002', 'STD-OECD-FOS', '1.4', 'Chemical sciences', 'EXACT_MATCH', 0.95, '');
INSERT INTO MC_TERM_STD_REF (TERM_ID, STD_ID, EXTERNAL_ID, EXTERNAL_NAME, MATCH_TYPE, CONFIDENCE, NOTE) VALUES ('T11030001', 'STD-OECD-FOS', '2.2', 'Electrical, electronic and information engineering', 'NARROW_MATCH', 0.9, '');
INSERT INTO MC_TERM_STD_REF (TERM_ID, STD_ID, EXTERNAL_ID, EXTERNAL_NAME, MATCH_TYPE, CONFIDENCE, NOTE) VALUES ('T11030002', 'STD-OECD-FOS', '2.3', 'Mechanical engineering', 'EXACT_MATCH', 0.95, '');
INSERT INTO MC_TERM_STD_REF (TERM_ID, STD_ID, EXTERNAL_ID, EXTERNAL_NAME, MATCH_TYPE, CONFIDENCE, NOTE) VALUES ('T11040001', 'STD-OECD-FOS', '1.2', 'Computer and information sciences', 'EXACT_MATCH', 0.95, '');
INSERT INTO MC_TERM_STD_REF (TERM_ID, STD_ID, EXTERNAL_ID, EXTERNAL_NAME, MATCH_TYPE, CONFIDENCE, NOTE) VALUES ('T11040002', 'STD-OECD-FOS', '1.2', 'Computer and information sciences', 'NARROW_MATCH', 0.85, '');
INSERT INTO MC_TERM_STD_REF (TERM_ID, STD_ID, EXTERNAL_ID, EXTERNAL_NAME, MATCH_TYPE, CONFIDENCE, NOTE) VALUES ('T11040003', 'STD-OECD-FOS', '1.2', 'Computer and information sciences', 'NARROW_MATCH', 0.85, '');
INSERT INTO MC_TERM_STD_REF (TERM_ID, STD_ID, EXTERNAL_ID, EXTERNAL_NAME, MATCH_TYPE, CONFIDENCE, NOTE) VALUES ('T11050001', 'STD-UNESCO', 'concept4822', 'Patents', 'EXACT_MATCH', 0.95, '');
INSERT INTO MC_TERM_STD_REF (TERM_ID, STD_ID, EXTERNAL_ID, EXTERNAL_NAME, MATCH_TYPE, CONFIDENCE, NOTE) VALUES ('T11010004', 'STD-STDTERM', '논문번호', '번호V25', 'EXACT_MATCH', 1.0, '');
INSERT INTO MC_TERM_STD_REF (TERM_ID, STD_ID, EXTERNAL_ID, EXTERNAL_NAME, MATCH_TYPE, CONFIDENCE, NOTE) VALUES ('T11010005', 'STD-STDTERM', '연구과제명', '명V300', 'EXACT_MATCH', 1.0, '');
INSERT INTO MC_TERM_STD_REF (TERM_ID, STD_ID, EXTERNAL_ID, EXTERNAL_NAME, MATCH_TYPE, CONFIDENCE, NOTE) VALUES ('T11010006', 'STD-STDTERM', '연구과제번호', '번호V20', 'EXACT_MATCH', 1.0, '');
INSERT INTO MC_TERM_STD_REF (TERM_ID, STD_ID, EXTERNAL_ID, EXTERNAL_NAME, MATCH_TYPE, CONFIDENCE, NOTE) VALUES ('T11010007', 'STD-STDTERM', '과학기술인등록번호', '번호V50', 'EXACT_MATCH', 1.0, '');
INSERT INTO MC_TERM_STD_REF (TERM_ID, STD_ID, EXTERNAL_ID, EXTERNAL_NAME, MATCH_TYPE, CONFIDENCE, NOTE) VALUES ('T11010008', 'STD-STDTERM', '논문건수', '수N10', 'EXACT_MATCH', 1.0, '');
INSERT INTO MC_TERM_STD_REF (TERM_ID, STD_ID, EXTERNAL_ID, EXTERNAL_NAME, MATCH_TYPE, CONFIDENCE, NOTE) VALUES ('T11010009', 'STD-STDTERM', '논문내용', '내용V4000', 'EXACT_MATCH', 1.0, '');
INSERT INTO MC_TERM_STD_REF (TERM_ID, STD_ID, EXTERNAL_ID, EXTERNAL_NAME, MATCH_TYPE, CONFIDENCE, NOTE) VALUES ('T11010010', 'STD-STDTERM', '논문점수', '수N7', 'EXACT_MATCH', 1.0, '');
INSERT INTO MC_TERM_STD_REF (TERM_ID, STD_ID, EXTERNAL_ID, EXTERNAL_NAME, MATCH_TYPE, CONFIDENCE, NOTE) VALUES ('T11010011', 'STD-STDTERM', '논문제목', '명V256', 'EXACT_MATCH', 1.0, '');
-- 재난안전
INSERT INTO MC_TERM_STD_REF (TERM_ID, STD_ID, EXTERNAL_ID, EXTERNAL_NAME, MATCH_TYPE, CONFIDENCE, NOTE) VALUES ('T12010001', 'STD-DATAGOkr', '재난안전', '', 'NARROW_MATCH', 0.9, '');
INSERT INTO MC_TERM_STD_REF (TERM_ID, STD_ID, EXTERNAL_ID, EXTERNAL_NAME, MATCH_TYPE, CONFIDENCE, NOTE) VALUES ('T12010002', 'STD-DATAGOkr', '재난안전', '', 'NARROW_MATCH', 0.9, '');
INSERT INTO MC_TERM_STD_REF (TERM_ID, STD_ID, EXTERNAL_ID, EXTERNAL_NAME, MATCH_TYPE, CONFIDENCE, NOTE) VALUES ('T12010003', 'STD-DATAGOkr', '재난안전', '', 'NARROW_MATCH', 0.9, '');
INSERT INTO MC_TERM_STD_REF (TERM_ID, STD_ID, EXTERNAL_ID, EXTERNAL_NAME, MATCH_TYPE, CONFIDENCE, NOTE) VALUES ('T12020001', 'STD-DATAGOkr', '재난안전', '', 'NARROW_MATCH', 0.85, '');
INSERT INTO MC_TERM_STD_REF (TERM_ID, STD_ID, EXTERNAL_ID, EXTERNAL_NAME, MATCH_TYPE, CONFIDENCE, NOTE) VALUES ('T12020002', 'STD-DATAGOkr', '재난안전', '', 'NARROW_MATCH', 0.85, '');
INSERT INTO MC_TERM_STD_REF (TERM_ID, STD_ID, EXTERNAL_ID, EXTERNAL_NAME, MATCH_TYPE, CONFIDENCE, NOTE) VALUES ('T12030001', 'STD-DATAGOkr', '재난안전', '', 'NARROW_MATCH', 0.85, '');
INSERT INTO MC_TERM_STD_REF (TERM_ID, STD_ID, EXTERNAL_ID, EXTERNAL_NAME, MATCH_TYPE, CONFIDENCE, NOTE) VALUES ('T12030002', 'STD-DATAGOkr', '재난안전', '', 'NARROW_MATCH', 0.85, '');
INSERT INTO MC_TERM_STD_REF (TERM_ID, STD_ID, EXTERNAL_ID, EXTERNAL_NAME, MATCH_TYPE, CONFIDENCE, NOTE) VALUES ('T12040001', 'STD-DATAGOkr', '재난안전', '', 'NARROW_MATCH', 0.9, '');
INSERT INTO MC_TERM_STD_REF (TERM_ID, STD_ID, EXTERNAL_ID, EXTERNAL_NAME, MATCH_TYPE, CONFIDENCE, NOTE) VALUES ('T12040002', 'STD-DATAGOkr', '재난안전', '', 'NARROW_MATCH', 0.85, '');
INSERT INTO MC_TERM_STD_REF (TERM_ID, STD_ID, EXTERNAL_ID, EXTERNAL_NAME, MATCH_TYPE, CONFIDENCE, NOTE) VALUES ('T12050001', 'STD-DATAGOkr', '재난안전', '', 'NARROW_MATCH', 0.9, '');
INSERT INTO MC_TERM_STD_REF (TERM_ID, STD_ID, EXTERNAL_ID, EXTERNAL_NAME, MATCH_TYPE, CONFIDENCE, NOTE) VALUES ('T12010006', 'STD-STDTERM', '구조물명', '명V100', 'EXACT_MATCH', 1.0, '');
INSERT INTO MC_TERM_STD_REF (TERM_ID, STD_ID, EXTERNAL_ID, EXTERNAL_NAME, MATCH_TYPE, CONFIDENCE, NOTE) VALUES ('T12010007', 'STD-STDTERM', '소방서명', '명V200', 'EXACT_MATCH', 1.0, '');
INSERT INTO MC_TERM_STD_REF (TERM_ID, STD_ID, EXTERNAL_ID, EXTERNAL_NAME, MATCH_TYPE, CONFIDENCE, NOTE) VALUES ('T12010008', 'STD-STDTERM', '건축구조명', '명V100', 'EXACT_MATCH', 1.0, '');
INSERT INTO MC_TERM_STD_REF (TERM_ID, STD_ID, EXTERNAL_ID, EXTERNAL_NAME, MATCH_TYPE, CONFIDENCE, NOTE) VALUES ('T12010009', 'STD-STDTERM', '구조물설명', '내용V4000', 'EXACT_MATCH', 1.0, '');
INSERT INTO MC_TERM_STD_REF (TERM_ID, STD_ID, EXTERNAL_ID, EXTERNAL_NAME, MATCH_TYPE, CONFIDENCE, NOTE) VALUES ('T12010010', 'STD-STDTERM', '위험등급명', '명V100', 'EXACT_MATCH', 1.0, '');
INSERT INTO MC_TERM_STD_REF (TERM_ID, STD_ID, EXTERNAL_ID, EXTERNAL_NAME, MATCH_TYPE, CONFIDENCE, NOTE) VALUES ('T12010011', 'STD-STDTERM', '구조내용', '내용V4000', 'EXACT_MATCH', 1.0, '');
INSERT INTO MC_TERM_STD_REF (TERM_ID, STD_ID, EXTERNAL_ID, EXTERNAL_NAME, MATCH_TYPE, CONFIDENCE, NOTE) VALUES ('T12010012', 'STD-STDTERM', '응급실수', '수N7', 'EXACT_MATCH', 1.0, '');
INSERT INTO MC_TERM_STD_REF (TERM_ID, STD_ID, EXTERNAL_ID, EXTERNAL_NAME, MATCH_TYPE, CONFIDENCE, NOTE) VALUES ('T12010013', 'STD-STDTERM', '건물구조내용', '내용V4000', 'EXACT_MATCH', 1.0, '');
INSERT INTO MC_TERM_STD_REF (TERM_ID, STD_ID, EXTERNAL_ID, EXTERNAL_NAME, MATCH_TYPE, CONFIDENCE, NOTE) VALUES ('T12010014', 'STD-STDTERM', '응급조치내용', '내용V4000', 'EXACT_MATCH', 1.0, '');
-- 데이터 거버넌스
INSERT INTO MC_TERM_STD_REF (TERM_ID, STD_ID, EXTERNAL_ID, EXTERNAL_NAME, MATCH_TYPE, CONFIDENCE, NOTE) VALUES ('T13010001', 'STD-DC', 'METADATA', 'Metadata', 'EXACT_MATCH', 0.95, '');
INSERT INTO MC_TERM_STD_REF (TERM_ID, STD_ID, EXTERNAL_ID, EXTERNAL_NAME, MATCH_TYPE, CONFIDENCE, NOTE) VALUES ('T13010002', 'STD-KS-ISO11179', 'DATA-DICTIONARY', 'Data Dictionary', 'EXACT_MATCH', 0.95, '');
INSERT INTO MC_TERM_STD_REF (TERM_ID, STD_ID, EXTERNAL_ID, EXTERNAL_NAME, MATCH_TYPE, CONFIDENCE, NOTE) VALUES ('T13010003', 'STD-DCAT-AP-KR', 'DCAT-CATALOG', 'Catalog Class', 'EXACT_MATCH', 0.95, '');
INSERT INTO MC_TERM_STD_REF (TERM_ID, STD_ID, EXTERNAL_ID, EXTERNAL_NAME, MATCH_TYPE, CONFIDENCE, NOTE) VALUES ('T13020001', 'STD-DATAQUALITY', 'DQ', 'Data Quality', 'EXACT_MATCH', 0.95, '');
INSERT INTO MC_TERM_STD_REF (TERM_ID, STD_ID, EXTERNAL_ID, EXTERNAL_NAME, MATCH_TYPE, CONFIDENCE, NOTE) VALUES ('T13030001', 'STD-STDTERM', 'STDTERM', '공공데이터 공통표준용어', 'EXACT_MATCH', 0.95, '');
INSERT INTO MC_TERM_STD_REF (TERM_ID, STD_ID, EXTERNAL_ID, EXTERNAL_NAME, MATCH_TYPE, CONFIDENCE, NOTE) VALUES ('T13040001', 'STD-DATAGOkr', 'OPENDATA', '공공데이터', 'EXACT_MATCH', 0.95, '');
INSERT INTO MC_TERM_STD_REF (TERM_ID, STD_ID, EXTERNAL_ID, EXTERNAL_NAME, MATCH_TYPE, CONFIDENCE, NOTE) VALUES ('T13040002', 'STD-DCAT-AP-KR', 'DCAT-DATASET', 'Dataset', 'EXACT_MATCH', 0.95, '');
-- 학술연구
INSERT INTO MC_TERM_STD_REF (TERM_ID, STD_ID, EXTERNAL_ID, EXTERNAL_NAME, MATCH_TYPE, CONFIDENCE, NOTE) VALUES ('T14010001', 'STD-OECD-FOS', 'R&D', 'Research and Development', 'EXACT_MATCH', 0.95, '');
INSERT INTO MC_TERM_STD_REF (TERM_ID, STD_ID, EXTERNAL_ID, EXTERNAL_NAME, MATCH_TYPE, CONFIDENCE, NOTE) VALUES ('T14020001', 'STD-ARXIV', 'PAPER', 'Paper/Preprint', 'EXACT_MATCH', 0.9, '');
INSERT INTO MC_TERM_STD_REF (TERM_ID, STD_ID, EXTERNAL_ID, EXTERNAL_NAME, MATCH_TYPE, CONFIDENCE, NOTE) VALUES ('T14030001', 'STD-OECD-FOS', 'FOS', 'Fields of Science', 'EXACT_MATCH', 0.95, '');
INSERT INTO MC_TERM_STD_REF (TERM_ID, STD_ID, EXTERNAL_ID, EXTERNAL_NAME, MATCH_TYPE, CONFIDENCE, NOTE) VALUES ('T14030002', 'STD-OECD-FOS', '1', 'Natural sciences', 'EXACT_MATCH', 0.95, '');
INSERT INTO MC_TERM_STD_REF (TERM_ID, STD_ID, EXTERNAL_ID, EXTERNAL_NAME, MATCH_TYPE, CONFIDENCE, NOTE) VALUES ('T14030003', 'STD-OECD-FOS', '2', 'Engineering and technology', 'EXACT_MATCH', 0.95, '');
INSERT INTO MC_TERM_STD_REF (TERM_ID, STD_ID, EXTERNAL_ID, EXTERNAL_NAME, MATCH_TYPE, CONFIDENCE, NOTE) VALUES ('T14030004', 'STD-ARXIV', 'cs', 'Computer Science', 'EXACT_MATCH', 0.95, '');
INSERT INTO MC_TERM_STD_REF (TERM_ID, STD_ID, EXTERNAL_ID, EXTERNAL_NAME, MATCH_TYPE, CONFIDENCE, NOTE) VALUES ('T14030004', 'STD-ACMCCS', '10011007', 'Software and its engineering', 'RELATED_MATCH', 0.85, '');
INSERT INTO MC_TERM_STD_REF (TERM_ID, STD_ID, EXTERNAL_ID, EXTERNAL_NAME, MATCH_TYPE, CONFIDENCE, NOTE) VALUES ('T14030005', 'STD-ARXIV', 'cs.AI', 'Artificial Intelligence', 'EXACT_MATCH', 0.95, '');
INSERT INTO MC_TERM_STD_REF (TERM_ID, STD_ID, EXTERNAL_ID, EXTERNAL_NAME, MATCH_TYPE, CONFIDENCE, NOTE) VALUES ('T14030005', 'STD-ACMCCS', '10010147', 'Artificial intelligence', 'EXACT_MATCH', 0.95, '');
INSERT INTO MC_TERM_STD_REF (TERM_ID, STD_ID, EXTERNAL_ID, EXTERNAL_NAME, MATCH_TYPE, CONFIDENCE, NOTE) VALUES ('T14030006', 'STD-ARXIV', 'cs.SE', 'Software Engineering', 'EXACT_MATCH', 0.95, '');
INSERT INTO MC_TERM_STD_REF (TERM_ID, STD_ID, EXTERNAL_ID, EXTERNAL_NAME, MATCH_TYPE, CONFIDENCE, NOTE) VALUES ('T14030006', 'STD-ACMCCS', '10011007', 'Software and its engineering', 'EXACT_MATCH', 0.95, '');
